palavra,frequencia,preco_medio
east,1018,214.38998035363457
village,1008,220.3373015873016
spacious,913,218.78532311062432
park,814,217.44840294840296
williamsburg,713,216.21879382889202
manhattan,709,217.26516220028208
luxury,705,225.33900709219859
west,690,220.89710144927537
cozy,687,208.64192139737992
brooklyn,652,210.5276073619632
loft,644,225.89285714285714
heart,611,218.7266775777414
modern,588,218.5408163265306
beautiful,586,217.24402730375428
nyc,536,221.09514925373134
central,530,221.0641509433962
sunny,515,208.85825242718445
midtown,507,221.20118343195267
near,468,221.5042735042735
bright,454,216.11013215859032
large,442,221.23529411764707
location,421,214.41805225653206
home,419,222.7183770883055
side,414,212.11352657004832
new,409,220.679706601467
charming,406,211.94581280788177
square,390,224.64102564102564
upper,362,213.82044198895028
duplex,358,229.34916201117318
chelsea,353,230.70254957507083
sonder,325,218.1169230769231
brownstone,318,213.12893081761007
times,298,229.33221476510067
prime,280,223.31785714285715
garden,280,213.78214285714284
amazing,256,225.52734375
quiet,242,210.3801652892562
gym,239,250.33891213389123
views,236,233.30084745762713
doorman,230,247.91304347826087
great,228,212.75438596491227
huge,225,216.90222222222224
house,212,221.9245283018868
view,201,225.53731343283582
soho,198,225.23232323232324
gorgeous,194,223.12886597938143
entire,183,211.17486338797815
kitchen,181,221.19337016574585
rooftop,181,232.65193370165747
blueground,180,280.47222222222223
renovated,179,222.94972067039106
perfect,177,211.40677966101694
slope,175,214.45714285714286
uws,171,221.64327485380116
city,168,230.88095238095238
building,166,224.76506024096386
best,163,223.91411042944785
floor,159,214.0062893081761
harlem,156,211.67307692307693
terrace,156,231.4102564102564
hill,155,216.46451612903226
street,155,219.78064516129032
suite,153,217.92156862745097
clean,153,215.98692810457516
stylish,148,218.5608108108108
balcony,148,225.3581081081081
townhouse,144,235.81944444444446
oasis,144,215.52777777777777
close,143,208.4825174825175
chic,142,223.46478873239437
lower,141,213.77304964539007
york,140,220.5142857142857
penthouse,139,223.87769784172662
lovely,138,212.67391304347825
sq,134,226.17910447761193
min,130,216.1769230769231
4,130,232.55384615384617
subway,128,220.8046875
downtown,125,222.056
gem,123,220.52032520325204
condo,123,229.08130081300814
bdrm,118,211.34745762711864
les,117,222.1965811965812
family,116,228.35344827586206
exchange,114,226.10526315789474
big,114,225.28070175438597
stock,114,226.10526315789474
bedrooms,112,230.66964285714286
center,110,227.92727272727274
stunning,110,229.71818181818182
ues,110,222.38181818181818
space,109,214.6697247706422
heights,109,210.348623853211
1bd,107,219.3551401869159
historic,106,225.91509433962264
patio,105,220.33333333333334
greenpoint,104,208.6153846153846
luxurious,103,230.83495145631068
backyard,103,223.6504854368932
steps,101,215.34653465346534
greenwich,101,224.20792079207922
place,100,219.61
ave,98,228.0204081632653
5,97,220.3298969072165
deck,97,231.56701030927834
lux,93,230.20430107526883
gramercy,91,217.0879120879121
3br,90,245.0
full,88,223.67045454545453
sleeps,88,228.0909090909091
hells,87,214.54022988505747
block,85,215.42352941176472
union,85,220.09411764705882
newly,83,214.51807228915663
ny,81,225.44444444444446
comfy,80,216.6375
15,80,223.6
designer,80,234.575
flat,80,224.7625
greene,80,209.0
mins,78,217.66666666666666
time,78,211.44871794871796
high,78,221.87179487179486
brand,78,222.23076923076923
bushwick,78,212.82051282051282
1bedroom,77,212.4025974025974
roof,77,231.2987012987013
artist,76,213.92105263157896
away,75,214.8
light,74,218.0810810810811
furnished,74,210.25675675675674
train,72,208.80555555555554
airy,72,220.76388888888889
classic,71,227.61971830985917
cute,70,198.7
pool,70,266.45714285714286
minutes,69,212.0144927536232
st,69,219.7391304347826
nolita,69,226.40579710144928
tribeca,68,253.61764705882354
hotel,68,221.0441176470588
walk,67,231.3134328358209
convenient,67,209.28358208955223
next,67,226.50746268656715
living,65,222.2
located,65,219.53846153846155
astoria,64,203.0
comfortable,64,210.390625
trendy,64,212.765625
district,63,219.04761904761904
prospect,63,203.61904761904762
fort,63,209.9206349206349
beds,60,233.1
king,59,218.08474576271186
river,59,233.74576271186442
bd,59,208.11864406779662
columbus,55,220.63636363636363
bk,55,215.27272727272728
outdoor,54,223.0
style,53,210.33962264150944
fidi,53,223.37735849056602
area,53,220.60377358490567
friendly,51,231.4313725490196
water,51,232.0
getaway,50,226.66
unique,50,233.18
laundry,50,221.52
2bedroom,50,225.68
double,49,227.24489795918367
bedstuy,49,204.69387755102042
stay,49,204.91836734693877
wall,48,236.45833333333334
grand,48,220.47916666666666
ft,48,223.77083333333334
clinton,48,203.54166666666666
yard,48,223.25
bdr,47,205.14893617021278
gardens,47,203.4255319148936
elevator,47,222.14893617021278
e,46,216.08695652173913
serviced,46,219.82608695652175
2bd,45,228.93333333333334
elegant,45,226.24444444444444
top,44,210.1590909090909
empire,44,233.88636363636363
lincoln,43,233.62790697674419
artists,43,225.02325581395348
nash,43,227.32558139534885
filled,42,213.11904761904762
south,42,211.45238095238096
peaceful,42,214.78571428571428
sun,41,221.14634146341464
skyline,41,235.09756097560975
state,41,234.0
circle,41,219.29268292682926
2bed,41,249.78048780487805
super,41,217.1219512195122
carroll,41,197.02439024390245
sanctuary,40,219.25
avenue,40,221.2
retreat,39,217.51282051282053
sofa,39,226.69230769230768
charm,39,210.74358974358975
dream,38,232.71052631578948
art,38,217.47368421052633
hudson,38,213.73684210526315
everything,37,216.86486486486487
awesome,37,221.72972972972974
queens,37,215.86486486486487
flatiron,37,231.3783783783784
artsy,36,216.22222222222223
cobble,36,214.77777777777777
jfk,36,207.25
blocks,36,208.58333333333334
hip,36,232.22222222222223
comfort,35,201.57142857142858
fully,35,210.97142857142856
sweet,35,213.97142857142856
crown,35,214.0857142857143
beach,34,238.11764705882354
nice,34,202.85294117647058
madison,34,234.73529411764707
little,33,206.57575757575756
queen,33,219.57575757575756
financial,33,213.15151515151516
cosy,32,201.0625
warm,32,193.9375
spectacular,32,234.78125
quaint,31,222.5483870967742
neighborhood,31,222.83870967741936
30,31,236.1290322580645
open,31,227.4516129032258
contemporary,31,220.51612903225808
vibrant,31,221.32258064516128
l,31,210.06451612903226
bldg,30,215.56666666666666
zen,30,215.56666666666666
alcove,30,204.96666666666667
indoor,30,298.3666666666667
murray,30,231.9
columbia,29,206.3793103448276
urban,29,218.6206896551724
deluxe,29,234.51724137931035
prewar,29,202.20689655172413
chinatown,29,218.20689655172413
bedford,29,200.44827586206895
bohemian,29,226.58620689655172
broadway,28,214.10714285714286
true,28,211.78571428571428
parking,28,221.85714285714286
onebedroom,28,210.25
stop,27,211.92592592592592
brick,27,206.25925925925927
ideal,27,221.62962962962962
fantastic,27,211.96296296296296
wd,27,257.25925925925924
bay,27,216.85185185185185
2bath,26,258.61538461538464
wburg,26,221.0
centrally,26,221.76923076923077
lightfilled,26,216.34615384615384
pad,26,227.57692307692307
5th,26,238.92307692307693
guest,25,197.28
20,25,209.52
cool,25,218.16
lounge,25,222.84
bklyn,25,228.56
experience,24,225.91666666666666
sunfilled,24,214.66666666666666
rental,24,201.08333333333334
sundrenched,24,219.125
box,24,207.91666666666666
rooms,24,218.0
summer,23,222.17391304347825
rise,23,218.95652173913044
waterfront,23,217.6086956521739
un,23,214.7826086956522
boerum,23,215.91304347826087
25,23,218.17391304347825
sunlit,23,205.56521739130434
triplex,23,246.04347826086956
spot,22,227.22727272727272
john,22,186.63636363636363
sutton,22,235.86363636363637
amenities,22,212.0909090909091
116,22,186.63636363636363
access,22,206.63636363636363
180,22,227.6818181818182
escape,22,205.72727272727272
like,22,218.0
serene,22,212.6818181818182
whole,21,223.1904761904762
rare,21,226.42857142857142
hideaway,21,211.28571428571428
theater,21,247.9047619047619
fabulous,21,208.38095238095238
italy,21,205.76190476190476
wyndham,21,242.47619047619048
adorable,21,204.52380952380952
artistic,21,216.95238095238096
metro,21,216.85714285714286
club,21,260.6190476190476
washington,21,226.04761904761904
roofdeck,20,262.2
beauty,20,217.2
guests,20,236.05
three,20,232.55
1bdrm,20,213.75
7,20,243.1
trains,20,214.75
parlor,20,206.05
sleek,20,234.1
families,20,221.35
bed2,20,246.3
town,20,224.95
boutique,20,221.45
free,19,227.73684210526315
small,19,210.6315789473684
airport,19,220.31578947368422
simple,19,217.05263157894737
industrial,19,222.10526315789474
2bdr,19,229.05263157894737
fl,19,213.05263157894737
hell’s,19,247.57894736842104
8,19,217.1578947368421
drenched,19,225.1578947368421
north,19,242.57894736842104
level,18,230.16666666666666
dryer,18,221.61111111111111
right,18,217.66666666666666
luxe,18,251.27777777777777
upscale,18,219.5
1bdr,18,210.61111111111111
unit,18,213.61111111111111
roomy,18,241.83333333333334
available,18,226.61111111111111
oversized,18,202.83333333333334
design,18,230.94444444444446
fun,18,228.94444444444446
authentic,17,226.58823529411765
uptown,17,205.7058823529412
1bed,17,207.0
story,17,243.35294117647058
corner,17,226.1764705882353
long,17,210.41176470588235
meatpacking,17,251.41176470588235
real,17,230.05882352941177
size,17,219.1764705882353
middle,17,207.41176470588235
station,17,211.11764705882354
2bdrm,17,219.47058823529412
enjoy,16,218.5625
riverside,16,204.8125
smart,16,239.9375
safe,16,218.9375
live,16,213.0625
wonderful,16,218.5625
hanover,16,214.0
wprivate,16,221.8125
island,16,241.625
sublet,16,196.875
lofty,15,229.2
master,15,205.86666666666667
paradise,15,229.73333333333332
eclectic,15,227.46666666666667
midcentury,15,219.73333333333332
1st,15,205.6
svcd,15,216.46666666666667
sohonolita,15,227.26666666666668
ceilings,15,213.66666666666666
casa,15,214.8
ac,15,211.66666666666666
love,15,204.86666666666667
rockaway,15,226.6
exposed,15,196.2
sky,15,232.06666666666666
15min,15,229.86666666666667
dumbo,15,220.8
vacation,15,221.86666666666667
bridge,15,236.0
massive,15,228.46666666666667
special,15,218.46666666666667
sophisticated,14,253.42857142857142
people,14,230.14285714285714
abode,14,185.71428571428572
term,14,197.42857142857142
townhome,14,250.21428571428572
highrise,14,217.35714285714286
2nd,14,224.5
superior,14,224.14285714285714
lga,14,213.71428571428572
hidden,14,225.07142857142858
green,14,209.35714285714286
rent,14,223.35714285714286
tranquil,14,233.28571428571428
baths,14,241.0
highline,14,227.35714285714286
nest,14,211.28571428571428
lively,14,210.92857142857142
groups,13,224.76923076923077
4br,13,238.84615384615384
vintage,13,221.15384615384616
incredible,13,250.69230769230768
xl,13,209.76923076923077
days,13,241.76923076923077
dreamy,13,223.15384615384616
colorful,13,217.69230769230768
world,13,207.3846153846154
victorian,13,220.0
kips,13,217.53846153846155
washer,13,223.3846153846154
rustic,13,221.92307692307693
overlooking,13,234.07692307692307
2br2ba,13,260.6923076923077
office,12,234.75
single,12,220.83333333333334
homey,12,244.33333333333334
60th,12,213.16666666666666
kind,12,238.25
sqft,12,213.5
lic,12,209.58333333333334
3bed,12,256.0
fitness,12,213.25
bth,12,209.75
nomad,12,233.58333333333334
across,12,208.58333333333334
familyfriendly,12,216.0
wifi,12,223.41666666666666
3bedroom,12,248.33333333333334
beautifully,12,207.91666666666666
terre,12,225.25
nights,12,175.75
ground,12,191.83333333333334
2ba,12,243.66666666666666
pied,12,225.25
stuy,12,199.0
museum,12,214.58333333333334
biltmore,12,210.0
value,12,211.83333333333334
11th,11,183.72727272727272
designed,11,208.27272727272728
lots,11,218.63636363636363
downtown7,11,173.54545454545453
sleep,11,245.0
old,11,218.63636363636363
ditmas,11,209.45454545454547
pristine,11,234.45454545454547
cottage,11,196.45454545454547
delightful,11,210.27272727272728
end,11,236.63636363636363
calm,11,216.9090909090909
century,11,243.54545454545453
welcoming,11,200.8181818181818
part,11,249.54545454545453
mansion,11,231.9090909090909
mid,11,237.27272727272728
yards,11,219.0909090909091
ev,11,213.54545454545453
carriage,11,225.0
red,11,197.1818181818182
entrance,11,243.0
line,11,227.54545454545453
classy,11,212.54545454545453
first,11,208.1818181818182
lavish,10,223.7
3bd,10,236.8
posh,10,247.1
immaculate,10,210.9
well,10,203.0
easy,10,210.7
landmark,10,226.5
charmer,10,229.2
hills,10,234.5
walkup,10,206.8
brooklyns,10,206.9
kids,10,236.7
holiday,10,221.4
sixth,9,233.66666666666666
marks,9,208.11111111111111
extra,9,205.88888888888889
designers,9,250.33333333333334
epic,9,240.55555555555554
ba,9,251.88888888888889
floors,9,227.22222222222223
3bdr,9,249.0
westside,9,219.55555555555554
quite,9,207.55555555555554
penn,9,243.22222222222223
resort,9,233.44444444444446
railroad,9,197.44444444444446
residence,9,253.77777777777777
bnb,9,259.22222222222223
bungalow,9,236.11111111111111
welcome,9,208.66666666666666
noho,9,250.55555555555554
hk,9,228.22222222222223
bathrooms,9,236.0
wv,9,243.22222222222223
tree,9,211.22222222222223
july,9,216.33333333333334
piedàterre,9,206.77777777777777
86th,9,198.88888888888889
affordable,9,218.77777777777777
perfectly,9,218.77777777777777
minute,9,253.22222222222223
apart,9,222.55555555555554
back,9,242.22222222222223
twobedroom,9,222.0
forest,9,224.44444444444446
quintessential,9,234.44444444444446
basement,9,212.11111111111111
1000,9,237.55555555555554
converted,9,250.0
nations,9,191.22222222222223
apple,9,226.0
service,9,211.44444444444446
restaurants,9,224.11111111111111
deal,9,210.66666666666666
breakfast,9,203.11111111111111
historical,9,221.0
boho,9,214.66666666666666
met,8,204.375
reviews,8,241.375
attractions,8,217.25
price,8,222.875
appartment,8,213.0
3bdrm,8,236.0
day,8,183.875
reno,8,197.125
hood,8,203.75
pleasant,8,220.5
battery,8,200.375
nycs,8,206.5
ppl,8,232.5
four,8,204.375
find,8,227.375
university,8,202.375
ridgewood,8,197.5
artful,8,248.0
1b,8,218.625
border,8,222.625
bedrm,8,232.375
leschinatown,8,202.75
updated,8,204.875
shared,8,211.0
convenience,8,207.0
listing,8,222.375
wow,8,204.875
magical,8,214.375
minimal,8,216.875
group,8,209.125
mint,8,183.25
august,8,219.375
premium,8,251.125
jewel,8,211.875
19th,8,234.625
landmarked,8,199.375
20min,7,217.71428571428572
star,7,222.0
fireplace,7,217.42857142857142
palace,7,221.14285714285714
mod,7,256.85714285714283
williamsburggreenpoint,7,184.0
monthly,7,193.14285714285714
pk,7,227.71428571428572
short,7,205.14285714285714
bdrms,7,207.0
63rd,7,196.28571428571428
fifth,7,225.57142857142858
hospitals,7,212.0
lit,7,193.57142857142858
creative,7,241.42857142857142
good,7,208.71428571428572
cheery,7,248.57142857142858
bronx,7,206.57142857142858
lg,7,223.42857142857142
u,7,212.71428571428572
priv,7,220.42857142857142
amazingly,7,213.57142857142858
original,7,233.14285714285714
gallery,7,216.71428571428572
deco,7,205.71428571428572
manor,7,201.42857142857142
bowery,7,219.42857142857142
get,7,223.57142857142858
sunnyside,7,220.14285714285714
lofted,7,198.71428571428572
44thunited,7,181.57142857142858
balconies,7,220.14285714285714
5min,7,199.57142857142858
wbalcony,7,205.71428571428572
b,7,206.85714285714286
natural,7,240.14285714285714
57th,7,273.2857142857143
sundeck,7,253.14285714285714
sugar,7,216.71428571428572
rockefeller,7,243.0
n,7,235.42857142857142
row,7,221.57142857142858
piano,7,196.0
exclusive,7,213.85714285714286
flatbush,7,231.28571428571428
finest,7,177.71428571428572
statue,7,246.85714285714286
15th,7,185.42857142857142
heaven,7,236.71428571428572
liberty,7,246.85714285714286
breathtaking,7,233.71428571428572
equipped,7,224.71428571428572
relaxing,7,192.71428571428572
weekend,7,213.57142857142858
sf,7,247.14285714285714
romantic,7,206.14285714285714
ridge,7,202.71428571428572
sunlight,7,195.85714285714286
2story,7,218.42857142857142
notorious,7,247.57142857142858
flushing,7,214.57142857142858
feel,7,182.14285714285714
washerdryer,7,278.2857142857143
hook,7,209.14285714285714
magnificent,7,247.85714285714286
3rd,7,218.42857142857142
hot,7,242.14285714285714
dapper,7,296.14285714285717
flr,7,229.57142857142858
trade,7,217.14285714285714
☆,7,222.42857142857142
standard,7,211.28571428571428
bryant,7,199.0
hamilton,7,199.71428571428572
pre,6,213.33333333333334
cat,6,203.5
decorated,6,237.5
years,6,249.16666666666666
topfloor,6,220.66666666666666
44th,6,178.83333333333334
see,6,238.33333333333334
4th,6,202.5
la,6,195.5
stuyvesant,6,186.33333333333334
bbq,6,265.5
splendid,6,210.83333333333334
56th,6,229.16666666666666
elegance,6,205.83333333333334
relaxed,6,224.0
couples,6,176.5
staten,6,260.0
thanksgiving,6,232.33333333333334
kid,6,225.0
remodeled,6,207.0
playful,6,235.16666666666666
yankee,6,215.0
swimming,6,243.0
rm,6,254.0
grilling,6,212.33333333333334
need,6,197.16666666666666
23,6,200.5
inspired,6,211.5
shops,6,248.66666666666666
stately,6,289.5
yorker,6,214.83333333333334
esb,6,226.5
spring,6,241.5
villagesoho,6,238.16666666666666
friends,6,203.5
conditionstudios,6,175.16666666666666
executive,6,243.33333333333334
last,6,245.66666666666666
den,6,211.66666666666666
mccarren,6,257.1666666666667
cheerful,6,234.0
10min,6,192.83333333333334
walking,6,243.33333333333334
2bed2bath,6,263.3333333333333
front,6,217.16666666666666
nook,6,267.1666666666667
artfilled,6,216.83333333333334
minimalist,6,213.33333333333334
wgarden,6,229.16666666666666
ferry,6,198.33333333333334
junior,6,234.0
loc,6,207.33333333333334
sunset,6,197.5
lyric,6,277.3333333333333
discount,6,220.83333333333334
treasure,6,219.5
enormous,6,224.83333333333334
restful,6,215.16666666666666
centralpark,6,206.33333333333334
parisian,6,233.0
nolitasoho,6,263.1666666666667
bed1,6,235.33333333333334
greenpointwilliamsburg,6,195.16666666666666
2br2bath,6,239.66666666666666
skylight,6,218.0
de,6,218.33333333333334
pretty,6,219.33333333333334
iconic,6,202.5
onebed,6,215.0
castle,6,201.5
5br,6,284.1666666666667
chill,6,203.33333333333334
quarters,5,174.0
built,5,243.6
windows,5,261.8
henry,5,188.8
manhattans,5,216.2
inwood,5,214.0
windsor,5,235.4
wterrace,5,239.8
class,5,226.8
exquisite,5,224.0
hillside,5,165.0
points,5,199.4
museums,5,220.2
outside,5,198.8
artist’s,5,217.8
major,5,216.8
stops,5,225.8
suites,5,242.8
locale,5,228.8
book,5,239.0
local,5,203.6
less,5,181.8
c,5,223.4
86th5th,5,219.0
unbeatable,5,248.4
neighborhoodeast,5,219.0
tons,5,243.4
3br2ba,5,231.8
24hr,5,204.8
secret,5,213.0
12th,5,251.4
neotudor,5,257.0
everywhere,5,225.2
intimate,5,183.8
fits,5,239.8
34th,5,203.0
6th,5,225.4
vibes,5,190.8
nyu,5,200.6
hts,5,244.0
baby,5,225.8
calming,5,243.4
hilton,5,283.6
newyork,5,257.8
sleeping,5,180.6
plus,5,231.8
plush,5,255.8
featured,5,262.6
war,5,218.0
factory,5,211.6
terraces,5,214.6
italychinatown,5,180.8
tasteful,5,251.0
us,5,182.8
royal,5,221.8
distance,5,263.0
25th,5,208.6
neat,5,206.8
serenity,5,224.2
ride,5,216.2
mile,5,199.8
55th,5,247.0
bedroom2,5,247.8
architects,5,202.8
plaza,5,223.6
action,5,262.6
ultra,5,242.0
ensuite,5,204.4
ktown,5,180.0
48th,5,248.6
hall,5,266.4
jr,5,279.6
carnegie,5,255.6
airbnb,5,215.6
30day,5,240.8
make,5,225.0
villageunion,5,196.2
3min,5,220.4
sheraton,5,209.4
entrances,5,264.6
lined,5,212.6
treelined,5,210.8
step,5,201.0
plant,5,206.0
touch,5,230.0
thru,5,193.0
loftlike,5,262.4
wroof,5,237.6
tranquility,5,231.6
life,5,240.6
recently,5,201.0
college,5,239.0
lefferts,5,198.0
nome,5,226.0
sale,5,247.8
sohotribeca,5,253.6
52nd,5,261.8
sem,5,226.0
3b,5,181.6
giant,5,186.0
bold,5,209.8
blk,4,186.0
ceiling,4,211.25
msg,4,227.25
premier,4,238.5
presidential,4,245.5
3bd2ba,4,265.5
included,4,180.5
spa,4,222.75
stays,4,210.75
sharp,4,247.0
pickup,4,252.0
avail,4,242.5
vill,4,222.5
treehouse,4,250.0
pl,4,214.0
welive,4,240.0
sofabed,4,225.0
5star,4,202.25
viewslincoln,4,253.0
fab,4,242.25
sqrluxury,4,253.0
carlos,4,321.75
transportation,4,181.25
triple,4,235.5
arty,4,200.75
timesq,4,262.0
livework,4,207.5
ph,4,238.25
eastvillage,4,218.5
·,4,191.5
sqr,4,206.25
bedroombath,4,205.25
subways,4,186.25
univ,4,202.25
study,4,230.5
five,4,197.5
theatre,4,182.0
grill,4,249.5
travelers,4,249.5
ultimate,4,228.25
fashion,4,242.75
14th,4,199.75
superhost,4,201.25
en,4,220.0
squareeast,4,219.5
wdeck,4,221.25
upperwest,4,232.0
parks,4,226.0
cutest,4,231.25
bleecker,4,206.75
sohogreenwich,4,217.75
wrooftop,4,191.25
specious,4,227.0
lease,4,216.0
g,4,227.5
alphabet,4,227.0
herald,4,296.0
polished,4,213.75
brilliant,4,234.5
lrg,4,186.25
bdrm2,4,209.5
pvt,4,248.5
laguardia,4,246.25
courtyard,4,177.5
speakeasy,4,259.0
av,4,235.5
72nd,4,205.0
kidfriendly,4,241.0
14,4,207.25
sea,4,218.5
panoramic,4,272.25
pride,4,220.0
2br1ba,4,204.75
bdroom,4,197.25
share,4,211.25
coolest,4,216.75
excellent,4,200.0
vip,4,292.5
vibe,4,195.75
bespoke,4,256.0
parkside,4,188.75
exceptional,4,196.25
twostory,4,192.75
twin,4,221.0
trees,4,182.25
visit,4,262.5
nestled,4,216.25
1min,4,242.25
aloft,4,181.75
74th,4,174.75
bedrooms2,4,212.0
timesquare,4,230.75
week,4,206.5
1b1b,4,256.5
33rd,4,236.75
apartement,4,207.25
month,4,201.0
music,4,209.0
twofloor,4,229.0
work,4,243.75
san,4,321.75
villagechelsea,4,247.75
warehouse,4,232.25
307,4,171.25
inn,4,229.25
wbackyard,4,207.0
tenement,3,193.33333333333334
dwntwn,3,228.66666666666666
longterm,3,197.66666666666666
spanish,3,247.33333333333334
grdn,3,225.0
treetop,3,230.0
barclay,3,213.33333333333334
miles,3,183.0
rated,3,221.66666666666666
3a,3,210.66666666666666
totally,3,208.33333333333334
chelseaflatiron,3,212.66666666666666
15ba,3,281.6666666666667
2018,3,176.0
50,3,205.0
happy,3,258.0
timessq,3,192.66666666666666
macon,3,170.66666666666666
may,3,195.0
concept,3,241.66666666666666
redesigned,3,179.0
within,3,250.0
sohovillage,3,189.66666666666666
manhatten,3,242.66666666666666
lgbt,3,195.0
tourists,3,213.0
young,3,220.0
separate,3,213.33333333333334
movie,3,245.0
decor,3,214.33333333333334
tv,3,205.0
soholittle,3,183.0
limestone,3,226.33333333333334
gracious,3,224.33333333333334
wpriv,3,199.66666666666666
june,3,245.0
famous,3,295.3333333333333
drmn,3,218.0
pent,3,283.0
2b2b,3,273.0
brklyn,3,224.66666666666666
eve,3,258.3333333333333
floorthrough,3,219.33333333333334
garage,3,212.33333333333334
quirky,3,208.0
aptnear,3,178.33333333333334
maspeth,3,215.0
yoga,3,266.6666666666667
stpoolgymclub,3,256.6666666666667
tourist,3,200.0
2brprime,3,225.0
come,3,236.66666666666666
tub,3,232.33333333333334
1bath,3,259.3333333333333
hillbedstuy,3,166.0
united,3,223.33333333333334
sunrise,3,233.33333333333334
gowanus,3,178.66666666666666
flex,3,210.0
lombardy,3,230.0
airports,3,203.0
roombath,3,198.33333333333334
studios,3,184.66666666666666
appartement,3,226.66666666666666
sparkling,3,202.0
want,3,229.33333333333334
parlour,3,250.0
finishes,3,196.66666666666666
pratt,3,201.33333333333334
32,3,213.0
50th,3,223.33333333333334
english,3,214.66666666666666
magic,3,246.33333333333334
multiunit,3,258.3333333333333
murry,3,241.66666666666666
moxy,3,182.33333333333334
enclave,3,225.0
meets,3,188.33333333333334
5ppl,3,306.3333333333333
hirise,3,268.3333333333333
facing,3,225.0
country,3,224.0
furniture,3,233.33333333333334
seaport,3,188.33333333333334
fast,3,228.66666666666666
skyscraper,3,238.33333333333334
jacuzzi,3,204.66666666666666
90,3,208.33333333333334
x,3,173.33333333333334
2019,3,259.3333333333333
gigantic,3,243.0
delight,3,213.33333333333334
prk,3,204.66666666666666
wpatio,3,175.0
extremely,3,259.6666666666667
wdoorman,3,250.33333333333334
2bd2ba,3,208.33333333333334
minimalistic,3,213.33333333333334
13,3,240.0
duane,3,221.66666666666666
nearby,3,228.0
stores,3,186.33333333333334
hancock,3,165.0
60s,3,198.0
29th,3,203.66666666666666
poolgym,3,238.33333333333334
chateau,3,174.33333333333334
relax,3,200.0
rest,3,223.33333333333334
guesthouse,3,173.33333333333334
upto,3,223.0
condominium,3,199.33333333333334
nw,3,190.0
ii,3,207.0
16,3,200.33333333333334
food,3,189.33333333333334
ctr,3,224.33333333333334
details,3,215.33333333333334
palatial,3,254.66666666666666
fee,3,236.33333333333334
offer,3,261.3333333333333
kingston,3,190.66666666666666
second,3,193.0
sunsoaked,3,205.0
better,3,195.0
tudor,3,200.0
15bath,3,241.33333333333334
dollar,3,216.66666666666666
blue,3,181.66666666666666
court,3,257.6666666666667
eastnear,3,272.3333333333333
fresh,3,204.66666666666666
chefs,3,192.66666666666666
bar,3,222.0
swanky,3,299.0
midtownwest,3,206.33333333333334
yet,3,193.0
couch,3,250.0
cpark,3,217.33333333333334
sqf,3,222.66666666666666
br2ba,3,281.6666666666667
villagenoho,3,202.66666666666666
bed2bath,3,206.66666666666666
stadium,3,213.33333333333334
cats,3,225.0
jmz,3,213.33333333333334
80s,3,263.3333333333333
strawberry,3,265.0
restored,3,215.0
website,3,233.0
together,3,208.33333333333334
brd,3,200.0
christmas,3,261.0
read,3,198.0
bld,3,223.0
600,3,230.0
1a,3,264.6666666666667
br2,3,251.33333333333334
wvillage,3,265.3333333333333
surf,3,258.0
24,3,274.0
travel,3,174.66666666666666
rentals,3,188.33333333333334
petit,3,178.33333333333334
15m,3,271.6666666666667
walkin,3,212.0
awaits,3,203.0
couple,3,210.0
r,3,160.0
cove,3,188.33333333333334
fullservice,3,215.0
pure,3,231.66666666666666
darling,3,254.66666666666666
kan,3,180.0
jungle,3,199.33333333333334
distinct,3,239.33333333333334
ap,3,196.33333333333334
wraparound,3,260.3333333333333
million,3,225.33333333333334
holidays,3,199.66666666666666
woutdoor,3,195.0
skyview,3,236.66666666666666
refuge,3,188.33333333333334
sexy,3,266.6666666666667
sunnyspacious,3,206.0
700,3,183.66666666666666
4beds,3,284.6666666666667
superb,3,253.33333333333334
skylit,3,243.66666666666666
bloomingdales,3,186.66666666666666
popular,3,271.3333333333333
q,3,233.33333333333334
explore,3,242.33333333333334
bedsty,3,191.66666666666666
rental1,3,166.0
breezy,3,210.0
à,3,191.66666666666666
jul,3,192.66666666666666
restaurant,3,211.33333333333334
hipster,3,264.6666666666667
favorite,3,262.6666666666667
lights,3,278.3333333333333
character,3,225.0
express,3,222.66666666666666
curated,3,275.3333333333333
prettiest,3,223.33333333333334
fulton,3,181.66666666666666
brighton,3,203.33333333333334
foot,3,223.33333333333334
glamorous,3,184.33333333333334
xlarge,3,234.33333333333334
studioloft,3,205.0
tompkins,3,236.66666666666666
enchanting,3,212.66666666666666
night,3,224.66666666666666
valet,3,266.6666666666667
gramercyflatiron,3,224.0
bds,3,302.6666666666667
tower,3,219.33333333333334
funky,3,221.66666666666666
spotless,3,218.66666666666666
willamsburg,3,198.33333333333334
bayside,3,207.66666666666666
bridges,3,213.33333333333334
church,3,301.6666666666667
tall,3,177.33333333333334
tsquare,3,223.33333333333334
humble,3,193.33333333333334
aug,3,206.0
lexington,3,251.66666666666666
must,3,215.0
ocean,3,185.0
18,3,256.6666666666667
1ba,3,233.33333333333334
inside,3,226.33333333333334
respite,3,191.0
idyllic,3,221.66666666666666
dsgn,3,171.0
bb,3,228.33333333333334
4ppl,2,210.0
radiant,2,267.5
hus,2,175.0
ingefära,2,175.0
irving,2,177.5
resortlike,2,255.0
marriott,2,272.5
musicians,2,233.5
❀,2,180.0
bdrmunion,2,242.0
greenwichwest,2,197.5
18th,2,202.0
1400,2,180.0
bkln,2,275.0
31,2,202.5
lr,2,242.0
duplx,2,201.5
sunshine,2,187.5
rate,2,197.5
hey,2,275.0
45ppl,2,272.0
villa,2,239.5
lush,2,210.0
fg,2,257.5
bklyns,2,262.5
aptin,2,232.5
squar,2,192.5
seaside,2,247.5
wash,2,195.5
unfurnished,2,219.0
dining,2,205.0
1200,2,267.5
gymrooflaundry,2,222.5
erhart,2,219.0
galore,2,233.5
largemodern,2,219.5
50s,2,170.5
2bd2bth,2,262.5
city✿✿✿,2,199.0
ez,2,237.0
chinatownles,2,237.5
f,2,180.0
cleaning,2,249.5
legal,2,242.5
astor,2,262.5
parklincoln,2,245.0
way,2,182.5
wk,2,230.0
sidechinatown,2,167.5
photo,2,237.5
popart,2,198.5
wknd,2,192.0
4min,2,204.0
james,2,236.5
squaregramercy,2,254.5
singles,2,167.5
3000,2,253.5
30th,2,195.0
williamburg,2,221.0
124,2,187.5
kettering,2,212.0
sloan,2,212.0
memorial,2,224.5
far,2,225.0
rms,2,234.5
♡,2,186.5
24th,2,200.0
wooded,2,205.0
discounted,2,250.0
noise,2,254.5
80th,2,216.5
without,2,254.5
crisp,2,300.5
baseball,2,200.0
sqaure,2,239.5
rad,2,240.5
snazzy,2,274.5
hi,2,266.0
barclays,2,245.0
morning,2,252.0
chk,2,160.0
point,2,315.0
williamsburgbushwick,2,175.0
ashes,2,200.0
greenwhich,2,237.0
secure,2,260.0
uppereastside,2,274.0
belmont,2,215.0
attic,2,209.0
brown,2,175.0
buses,2,232.0
interior,2,249.0
家,2,252.5
cloud,2,249.0
gympool,2,232.0
porch,2,200.0
bluebird,2,310.5
lofts,2,300.0
spaces,2,243.0
today,2,258.0
futon,2,250.0
nyuunion,2,191.5
sep,2,221.5
5mins,2,185.0
sqreeast,2,191.5
stone,2,187.5
moments,2,225.0
gutrenovated,2,237.0
10ppl,2,288.5
minimum,2,172.0
bunk,2,189.0
br5,2,176.5
bd2,2,213.0
camp,2,195.0
hearth,2,238.0
❤️of,2,229.5
bilevel,2,260.0
1bth,2,269.5
residents,2,245.5
library,2,212.5
glam,2,224.5
simulator,2,245.5
dashing,2,194.5
looking,2,230.0
golf,2,245.5
cp,2,225.0
divine,2,210.0
effortlessly,2,240.0
floorthru,2,255.0
ideally,2,202.5
squarehells,2,245.0
eye,2,209.0
domino,2,273.5
modernist,2,195.0
dis,2,187.5
max,2,234.5
bd1,2,215.0
midtwon,2,190.0
✌,2,259.0
edgy,2,227.0
firehouse,2,175.0
ok,2,227.5
eastside,2,250.0
wriver,2,217.5
harbor,2,215.0
pro,2,245.5
4bedroom,2,195.0
chelseameatpacking,2,195.0
loca,2,180.0
chez,2,200.0
insane,2,266.0
handsome,2,265.0
privately,2,262.5
heavenly,2,194.5
2bth,2,186.5
mns,2,240.0
housestuyvesant,2,165.0
threebedroom,2,212.0
2baths,2,310.0
z,2,225.0
sunroom,2,287.5
nr,2,220.0
opening,2,252.5
cafes,2,302.5
fields,2,282.5
saint,2,249.0
mews,2,165.0
2br2b,2,249.5
25off,2,252.5
rowhouse,2,268.0
1brbest,2,235.0
dwtn,2,214.0
bricks,2,222.0
5bedroom,2,249.5
wonder,2,209.5
mulberry,2,245.0
moma,2,235.0
steinway,2,247.5
centre,2,237.0
gardenmidtown1stopbreakfast,2,299.0
2fl,2,262.5
10th,2,237.5
sleep6,2,237.0
parkway,2,227.5
cosmopolitan,2,220.0
exciting,2,202.0
apt15min,2,193.5
bedrooom,2,182.5
pines,2,249.0
european,2,275.0
williamsburgbrooklyn,2,217.0
rsd,2,215.0
bookish,2,220.0
gramercyunion,2,194.0
apartament,2,294.5
hideout,2,200.5
hello,2,184.5
4br2ba,2,185.0
olives,2,175.0
prospectpark,2,204.5
skylights,2,250.0
stunner,2,187.5
mattress,2,212.5
swimmingpool,2,205.0
btwn,2,172.5
apartmnt,2,184.0
kissena,2,244.0
gc,2,250.0
grows,2,207.5
2level,2,299.0
piedaterre,2,186.5
accommodations,2,182.0
labor,2,187.0
mirrors,2,212.5
crossroads,2,254.5
✿✿✿,2,199.0
convertible,2,232.5
diamond,2,294.0
theres,2,180.0
person,2,192.5
steal,2,224.5
build,2,275.0
kings,2,190.0
loftstyle,2,247.5
soha,2,262.5
grammercy,2,225.0
appointed,2,169.5
bedroombathroom,2,182.5
nursery,2,245.0
circlecentral,2,206.5
fall,2,212.5
2bed15bath,2,299.0
vil,2,200.0
stocked,2,207.0
sundecks,2,251.5
brm,2,300.0
cottagestyle,2,299.0
dont,2,170.0
cntrl,2,242.5
bedroom1,2,222.5
beside,2,204.0
lex,2,220.0
trendi,2,264.0
bars,2,262.0
mott,2,199.5
stairs,2,187.5
around,2,189.5
persons,2,245.0
kept,2,205.0
earlybirddiscount,2,299.0
gold,2,272.5
moroccan,2,230.0
quality,2,205.0
musical,2,215.0
owner,2,292.5
botanical,2,199.5
apollo,2,255.0
manhtn,2,238.5
11,2,224.0
squarecentral,2,240.0
300,2,285.0
picturesque,2,207.5
wwasher,2,177.5
closet,2,233.5
crash,2,227.5
extraordinary,2,207.5
prince,2,224.5
1000sqf,2,215.0
viewseast,2,274.5
desirable,2,269.5
p,2,262.0
vinegar,2,260.0
garment,2,175.0
custom,2,199.0
1500,2,187.5
host,2,197.5
⭐️,2,200.0
harlems,2,225.0
luminous,2,226.0
southside,2,202.5
wroofdeck,2,273.0
vanderbilt,2,218.5
gramercyeast,2,195.5
20mins,2,184.5
beat,2,172.5
44thdoormanlaundry,2,228.5
winter,2,175.0
manhatan,2,270.0
flare,2,272.5
walls,2,272.0
tiny,2,207.5
frm,2,182.5
explorers,2,215.5
3br2bath,2,211.0
bachelorette,2,250.0
1600,2,210.0
true2brprime,2,232.5
7min,2,172.0
charles,2,239.5
450ft,2,240.0
main,2,203.5
morgan,2,200.0
aptmt,2,220.0
—,2,249.5
voted,2,247.0
inviting,2,193.5
williamsbug,2,230.0
chambers,2,245.5
bus,2,210.0
br1ba,2,185.0
marathon,2,287.5
trendiest,2,192.5
farmhouse,2,182.5
chelseawest,2,215.0
additional,2,200.0
recording,2,212.0
manh,2,192.0
apartmenttime,2,255.0
hippest,2,187.5
villagequiet,2,191.5
jersey,2,288.0
impressive,2,181.5
dogs,2,258.5
43,2,178.0
takeover,2,204.5
doubles,2,224.0
attractive,2,219.0
btw,2,220.0
perfection,2,202.5
wking,2,282.0
1800,2,228.0
maison,2,218.5
beautifulbright,2,230.0
aprt,2,185.0
tidy,2,186.0
meat,2,189.5
graham,2,210.0
wpool,2,267.0
2a,2,224.0
bedroomtwo,2,272.5
cent,2,215.0
bths,2,262.0
east53rd3rd,2,232.5
greenhouse,2,240.0
amongst,2,207.5
welllit,2,220.0
architect,2,220.0
kitch,2,220.0
packing,2,189.5
projector,2,269.5
snug,2,172.0
newxl,2,172.5
62nd,2,195.0
–,2,300.0
highend,2,212.0
midwood,2,264.5
plantfilled,2,212.5
starck,2,176.5
39th,2,190.0
port,2,219.5
bear,2,167.5
cleanelegant,2,224.5
kosher,2,225.0
aprtmt,2,210.0
wood,2,182.5
sweeping,2,247.5
cultural,2,250.0
clever,2,297.0
extended,2,199.5
uppereast,2,235.0
play,2,250.0
studiogarden,2,174.0
whuge,2,179.5
type,2,175.0
25min,2,167.5
82nd,2,167.0
sideyorkville,2,167.0
mesmerized,2,202.0
⚜,2,205.0
basket,2,176.5
coney,2,261.5
15br,2,177.5
bayeast,2,217.5
stkips,2,217.5
never,2,205.0
420,2,220.0
slice,2,282.5
homely,2,225.0
mall,2,180.5
lenox,2,243.5
bathkitchen,2,205.0
white,2,182.0
coop,2,240.0
250,2,230.0
dandy,2,314.5
wellappointed,2,251.0
stunningly,2,247.0
dreams,2,249.0
jefferson,2,188.0
gotham,2,212.0
2brm,2,270.0
cir,2,217.5
√,2,200.0
privacy,2,217.0
avecentral,2,204.5
ample,2,282.5
uni,2,190.0
hospitality,2,180.0
oceanfront,2,199.5
dazzling,2,287.5
beautifull,2,207.0
designer’s,2,210.0
1300,2,242.5
apatment,2,180.0
heated,2,282.0
plg,2,200.0
cabin,2,225.0
dramatic,2,210.0
balconygorgeous,2,301.0
sunnyquiet,2,186.0
therapy,2,250.0
viewhirise,2,202.5
solo,2,244.0
circleluxury,2,230.5
houston,2,237.5
ball,2,172.5
starkbasket,2,167.5
charmperry,2,188.0
elevated,2,167.5
4k,2,207.5
morningside,2,197.5
bonus,2,177.0
44,2,217.0
bdc,2,270.0
sized,2,239.5
commute,2,177.5
third,2,210.0
nohoeast,2,220.5
si,2,182.5
shop,2,216.5
scandinavian,2,187.5
layout,2,295.0
bdrm15,2,237.5
parkingwifi,2,180.5
elite,2,179.0
23rd,2,254.0
1100,2,198.5
adjacent,2,185.5
beachfront,2,312.0
lifestyle,2,210.0
2full,2,265.0
locationnewly,2,195.0
pt,2,219.5
59th,2,189.5
dishwasher,2,182.5
trip,2,220.0
justice,2,191.0
glorious,2,257.5
woodhaven,2,170.0
ft²,2,217.5
bliss,2,250.0
3beds,2,287.0
71st,2,225.0
splitlevel,2,262.5
public,2,227.5
largeamazing,2,225.0
levels,2,254.0
science,1,225.0
versaillequiet,1,200.0
spiral,1,184.0
staircase,1,184.0
cozyhip,1,273.0
timesqbrdwaymidtowna,1,200.0
orchard,1,200.0
1brprivate,1,199.0
1876,1,265.0
2bed2bathpatio,1,235.0
specials,1,330.0
ftgreene,1,215.0
aptbrooklynnear,1,200.0
current,1,225.0
squaretheater,1,189.0
cafes☆,1,197.0
roomen,1,189.0
12bd,1,249.0
24hrdrm,1,220.0
directors,1,250.0
yorkville,1,219.0
10263,1,200.0
villagemeatpacking,1,195.0
ecoapt,1,298.0
privé,1,215.0
dm,1,280.0
lisas,1,175.0
quant,1,175.0
coolhuge,1,234.0
cntrlpk,1,200.0
2br2baths,1,245.0
amminities,1,160.0
wcity,1,199.0
安靜公寓,1,185.0
aptpking,1,300.0
12days,1,260.0
lighthouse,1,200.0
terracecity,1,169.0
皇后区“曼哈顿”森林小丘别墅,1,180.0
squarereno,1,170.0
2brgreat,1,170.0
chinatownnew,1,180.0
suitebath,1,200.0
spare,1,170.0
uwsnyc,1,170.0
architectural,1,300.0
bococa,1,180.0
october,1,200.0
areas,1,175.0
home1,1,200.0
someone,1,260.0
aptwater,1,225.0
sublease,1,295.0
5132,1,168.0
doorman78st,1,175.0
pallet,1,200.0
ecochic,1,200.0
uwsriversdeprk,1,160.0
bathupper,1,230.0
kchn,1,250.0
usqflatiron,1,235.0
opensunny,1,200.0
apton,1,165.0
turnofthecentury,1,175.0
bedrrom,1,220.0
unfurn,1,220.0
fourbedroom,1,195.0
gardendeck,1,270.0
table,1,270.0
chelsa,1,275.0
balconydoorman,1,199.0
2brsleeps5prime,1,160.0
5144prime,1,175.0
viewlocation,1,299.0
preferred,1,199.0
deckelev,1,300.0
yr,1,295.0
cental,1,190.0
penthouseprivate,1,300.0
swoon,1,279.0
☆massive,1,189.0
nomadchelsea,1,169.0
waverly,1,165.0
vernon,1,175.0
parents,1,215.0
doormanelevatorsgym,1,180.0
turquoise,1,270.0
sidegreat,1,250.0
six,1,275.0
spaha,1,225.0
dubmo,1,250.0
ends,1,250.0
galore3,1,165.0
wcharacter,1,175.0
lizs,1,195.0
harlemmanhattan,1,300.0
1b1bth,1,295.0
3200sf,1,250.0
gardenterraceapt,1,295.0
gramcery,1,200.0
centpark,1,210.0
luxmaster,1,220.0
haven—heart,1,175.0
duplex☆,1,189.0
broom,1,170.0
3flr3br,1,250.0
designsponge,1,200.0
truly,1,249.0
kingsized,1,185.0
horizon,1,259.0
penthousemax12,1,295.0
1block,1,248.0
lrg1bdrm,1,210.0
gtrain,1,248.0
institute—heart,1,249.0
smallest,1,175.0
jazz,1,250.0
2brheart,1,199.0
4month,1,180.0
gypset,1,200.0
1bar,1,175.0
lawn,1,200.0
yey,1,199.0
900,1,200.0
floorgarden,1,229.0
magazine,1,225.0
french,1,169.0
greap,1,190.0
south4,1,300.0
loftperfect,1,300.0
somethings,1,300.0
doormen,1,175.0
gem2bd,1,275.0
bldng,1,190.0
wks,1,175.0
1760,1,209.0
upws,1,300.0
chinatowntribeca,1,165.0
eveland,1,169.0
5⭐️,1,169.0
cabana,1,199.0
900ft²,1,246.0
oceanviewclose,1,250.0
loftstudio,1,189.0
gateway,1,160.0
yorkers,1,265.0
4bd,1,299.0
brownstonewest,1,250.0
70s1,1,250.0
square❤️penthouse,1,239.0
2flterrace❤️east,1,239.0
bedroom5,1,229.0
eastern,1,250.0
5136doorman,1,250.0
bathsprivate,1,179.0
wkids,1,200.0
location20,1,180.0
musica,1,200.0
181,1,300.0
tsq,1,189.0
kipsbay,1,275.0
meatpackiing,1,175.0
architectdesigned,1,300.0
aptgreat,1,180.0
review,1,249.0
fam,1,317.0
57,1,227.0
brooklynny,1,170.0
luxury360,1,170.0
viewgymdowntowndoorman,1,170.0
touring,1,235.0
aptb,1,210.0
groupstudentfriendly,1,325.0
675sg,1,225.0
1brheart,1,180.0
westtimes,1,180.0
superbowl,1,325.0
vu,1,200.0
10room,1,250.0
th,1,245.0
bagela,1,225.0
300sqft,1,195.0
suitable,1,195.0
15bd1bth,1,180.0
parknyc,1,300.0
sb,1,300.0
2014winter,1,300.0
860,1,300.0
rancho,1,210.0
noha,1,179.0
apartmentnycleslower,1,190.0
nohonolita,1,255.0
bronxpiano,1,165.0
multilevel,1,195.0
858142017,1,200.0
bushwich,1,160.0
2br2bathcentralparkcolumbiajacuzzifireplace,1,200.0
2fireplcsgardenbbqwshrdryerjacuztubbig,1,190.0
manhattanhigh,1,175.0
core,1,240.0
30mn,1,165.0
mels,1,219.0
march,1,250.0
shabby,1,165.0
watercity,1,289.0
jupiter,1,175.0
conveniences,1,225.0
regal,1,195.0
studioluxury,1,254.0
terraceupper,1,295.0
circledoorman,1,184.0
coveted,1,165.0
pea,1,180.0
promenadenight,1,160.0
varrazano,1,160.0
georgeous,1,209.0
versace,1,195.0
chelseastudio,1,180.0
wt,1,180.0
sunnyprivateterraceempireview,1,180.0
halsey,1,161.0
plymouth,1,225.0
hgv,1,199.0
avenuemadison,1,325.0
essex,1,300.0
condohotel,1,300.0
chelseaunion,1,160.0
diggs,1,250.0
bedfd,1,200.0
bedroomloftmorgan,1,195.0
intimes,1,178.0
1br10min,1,160.0
wbgreenpoint,1,200.0
placedoormanlaundry,1,175.0
modernrenovatedbest,1,179.0
subwaymanhattan,1,188.0
chryslerview,1,249.0
newmodernbestlocationnyc,1,185.0
christopher,1,195.0
2000,1,275.0
new2brprivateroofcityviewbeauty,1,195.0
floral,1,180.0
artpacked,1,245.0
universe,1,175.0
celebrate,1,250.0
1800sf,1,175.0
goddess,1,175.0
mayors,1,250.0
sunnysuper,1,199.0
nohonolitasoho,1,175.0
abigail,1,195.0
❤of,1,188.0
215,1,250.0
westvillage,1,220.0
oneofakind,1,245.0
5135,1,175.0
10223,1,200.0
alvoce,1,190.0
greystone,1,199.0
low,1,200.0
southern,1,165.0
aptbest,1,200.0
★unique,1,260.0
avenue★,1,260.0
stateroom,1,239.0
72bway,1,169.0
reno1brriverviewluxury24droof,1,200.0
5146doorman,1,185.0
pool1,1,185.0
williamsburgh,1,180.0
••best,1,175.0
nexus,1,175.0
browstone,1,179.0
bowl,1,300.0
andreas,1,173.0
subway9,1,175.0
villageorganic,1,225.0
1600sf,1,300.0
greenwichsoho,1,289.0
35th,1,175.0
halltheaters,1,250.0
locationprivate,1,225.0
simply,1,178.0
heightsharlem,1,199.0
46,1,175.0
2fl2bdrm,1,200.0
mnhtn,1,275.0
collectors,1,250.0
square10th,1,250.0
pfizer,1,239.0
location••,1,175.0
aptartment,1,165.0
dealers,1,165.0
bd3,1,220.0
nycity,1,170.0
eccentric,1,265.0
1prspct,1,199.0
★huge,1,260.0
villager,1,260.0
av★,1,260.0
owned,1,285.0
amenityfilled,1,160.0
aptroof,1,300.0
hktime,1,169.0
sqtheater,1,169.0
stars21,1,300.0
sohoawesome,1,299.0
brwnstn,1,190.0
duplex2,1,220.0
putnam,1,182.0
age,1,185.0
nycchelsea,1,176.0
openspace,1,245.0
ltrain,1,195.0
2bdapt,1,180.0
split,1,169.0
sizeable,1,170.0
chelseaflat,1,200.0
iron,1,200.0
bd3bd,1,250.0
found,1,218.0
16oct,1,250.0
mattresses,1,299.0
angelina,1,245.0
highs,1,185.0
bedroomtimes,1,199.0
square8,1,199.0
williamsburgroofdeck,1,200.0
5195,1,230.0
masterbedroom,1,170.0
oct,1,250.0
hospital,1,199.0
sqrestaurant,1,300.0
disttimes,1,300.0
nbpctribeca,1,175.0
cleanest,1,169.0
doormanmidtown,1,175.0
xlarge247,1,175.0
uwselevatorcentralsubwayspark,1,190.0
botanic,1,170.0
working,1,175.0
750sqft,1,300.0
94th,1,200.0
chrming,1,250.0
christmaslarge,1,230.0
timessquare,1,175.0
linen,1,261.0
lavender,1,261.0
yves,1,290.0
swim,1,288.0
2bath5126,1,288.0
student,1,200.0
covers,1,195.0
locationtimes,1,160.0
willimsbrg,1,280.0
duplexbalconyterrace,1,275.0
southwestern,1,308.0
yogis,1,200.0
mid70s,1,275.0
impeccable,1,275.0
bedoom,1,175.0
1c,1,200.0
gardenparlor,1,275.0
meticulously,1,220.0
woho,1,300.0
6th7th,1,170.0
aves,1,170.0
10268,1,170.0
plantlovers,1,250.0
furnished5208,1,175.0
deck5155,1,175.0
unionsq,1,250.0
lux5156,1,191.0
parkingnear,1,175.0
miriams,1,300.0
luxury5203,1,170.0
2br2,1,200.0
dreamlike,1,200.0
location5168,1,180.0
bedroom2ba,1,215.0
essential,1,175.0
coffee,1,199.0
sullivan,1,175.0
sidenyc,1,300.0
gooood,1,205.0
america,1,205.0
pullout,1,175.0
acs,1,165.0
artsists,1,175.0
apartmentbrooklyn,1,240.0
30days,1,169.0
galaxy,1,250.0
übercharmer,1,250.0
166,1,262.0
5c,1,165.0
1broffice,1,300.0
dominiqs,1,250.0
3bedrm,1,250.0
crashpadmetrowifiale,1,250.0
dumbofort,1,200.0
balconysleeps,1,189.0
ageloff,1,250.0
towers,1,250.0
spaceful,1,165.0
1885,1,177.0
gothic,1,177.0
villagesleeps,1,250.0
studioempirestatebuilding,1,281.0
1brin,1,170.0
idy,1,195.0
coming,1,188.0
wnatural,1,290.0
sharbell’s,1,210.0
ebony,1,160.0
ivory,1,160.0
chelsealarge,1,160.0
millionview,1,200.0
habitat,1,199.0
101,1,199.0
eagleeye,1,285.0
metrosubway,1,180.0
childfriendly,1,170.0
address,1,180.0
chalet,1,160.0
entirely,1,160.0
neocountry,1,245.0
jam,1,250.0
sunflooded,1,175.0
suitelike,1,250.0
br2bth,1,240.0
modernright,1,175.0
backyardparking,1,190.0
306,1,245.0
2ba3bd,1,177.0
chambres,1,210.0
villageabc,1,185.0
americana,1,200.0
montrose,1,200.0
96st,1,180.0
singlefamily,1,262.0
nychaven1,1,165.0
w116th,1,165.0
fullyfurnished,1,239.0
modernly,1,239.0
2brtimes,1,245.0
2bd2bae,1,280.0
wdful,1,240.0
traveler,1,188.0
listinggreat,1,188.0
2brpatio,1,275.0
studio♥,1,200.0
spend,1,250.0
renaissance,1,175.0
writers,1,200.0
gramercykips,1,170.0
villagehuge,1,258.0
jumel,1,225.0
wb,1,298.0
incl,1,195.0
villagegramercy,1,198.0
midtownnyc,1,180.0
buiding,1,225.0
25baths,1,320.0
apt1,1,180.0
nolitachinatown,1,160.0
wellkept,1,200.0
bedrms,1,195.0
large1000,1,199.0
possible,1,160.0
2boffice,1,260.0
sqhk,1,190.0
warmcozy,1,200.0
1000sq,1,199.0
everyone,1,229.0
leaves,1,229.0
aptblock,1,179.0
wmsbrg,1,180.0
♥️,1,249.0
1ksqft,1,249.0
nycqueens,1,175.0
hub,1,165.0
comfycutenclean,1,180.0
perch,1,175.0
4br4ba,1,299.0
1879,1,200.0
900sf,1,285.0
winning,1,220.0
shipping,1,220.0
brooklynbridgeft,1,215.0
2bedrm,1,185.0
1blk,1,195.0
locationgreat,1,199.0
height,1,250.0
3br3,1,250.0
sqtheatre,1,165.0
dist,1,165.0
brnstn,1,225.0
htspark,1,195.0
container,1,220.0
brooklyn–,1,250.0
debbies,1,215.0
css,1,190.0
centralsunnyspacious,1,190.0
airysunny,1,240.0
750,1,250.0
24h,1,260.0
rhapsody,1,295.0
incredibly,1,195.0
williamsubrg,1,249.0
westconvenient,1,170.0
1floor,1,160.0
pondcooks,1,200.0
outd,1,240.0
nycthe,1,170.0
manhattanharlem,1,170.0
1897,1,275.0
painters,1,160.0
permago,1,160.0
1brgardengoldfish,1,200.0
homes™,1,160.0
22,1,160.0
holidayready,1,200.0
mag,1,334.0
in1887,1,225.0
chelseamp,1,275.0
manhattannew,1,220.0
energetic,1,199.0
brkln,1,262.0
housebkyard,1,262.0
1sleeps4,1,185.0
forget,1,175.0
homeapt,1,175.0
plum,1,189.0
guide,1,189.0
awardwinning,1,189.0
17000day,1,170.0
september,1,170.0
parkuws,1,239.0
price¡¡,1,250.0
chester,1,200.0
kitty,1,200.0
experience1,1,219.0
hipfamily,1,160.0
brwnstne,1,215.0
dealharlem2bdrm,1,185.0
ues66th,1,200.0
villlage,1,200.0
2bdr2bath,1,280.0
2bedrooms,1,225.0
wloft,1,165.0
alexanders,1,180.0
2momacentral,1,160.0
1bedroomliving,1,160.0
roomqtrain,1,160.0
glamor,1,250.0
newspacious,1,165.0
8387,1,200.0
romance,1,194.0
olivier,1,200.0
177st,1,250.0
midtowncharming,1,250.0
lofthi,1,250.0
2brunion,1,200.0
loft2bdrm,1,239.0
manhattanwall,1,239.0
enchantment,1,165.0
acadia,1,165.0
bicycle,1,160.0
1day,1,160.0
macys,1,190.0
haha,1,170.0
attached,1,220.0
breakfastwine,1,319.0
sec,1,319.0
parade,1,319.0
bedstuybrooklyn,1,175.0
centralparknyc,1,200.0
blockprivate,1,160.0
fold,1,250.0
lmjz,1,172.0
skies,1,180.0
forward,1,280.0
threestory,1,295.0
scandi,1,285.0
ridgewoodbushwick,1,170.0
terrasse,1,200.0
brooklynsuper,1,200.0
3brprime,1,250.0
willyb,1,170.0
sunsets,1,225.0
brooklynite,1,164.0
2ksqrft,1,164.0
aptcity,1,180.0
colcolumbia,1,180.0
hotels,1,250.0
midtowndesign,1,250.0
gilded,1,185.0
centercentral,1,250.0
parktrains,1,250.0
bedfordstuyvesant,1,240.0
renting,1,200.0
home2,1,195.0
viewing,1,200.0
w70s,1,250.0
ease,1,180.0
myplace2beach,1,200.0
fr,1,285.0
metrotrain,1,195.0
extralarge,1,275.0
bohemia,1,185.0
president,1,160.0
westchelseahells,1,235.0
parkpark,1,285.0
br15,1,225.0
199,1,275.0
wvillgmtpkgchls,1,275.0
65”tvbose,1,275.0
nycangus5,1,200.0
historically,1,180.0
happenin,1,199.0
metro20min,1,239.0
201,1,250.0
squarenewly,1,200.0
seasidenestnyc,1,250.0
houseboat,1,250.0
square72c,1,160.0
5151,1,175.0
roomkitchensleeps,1,199.0
bedroomprivate,1,165.0
bdrmofficelvnroom,1,200.0
bedbath,1,200.0
offers,1,250.0
assistance,1,250.0
wprivateterrace,1,225.0
remix,1,175.0
launchpad,1,170.0
5224,1,180.0
chelsearoof,1,200.0
decklaundry,1,200.0
events,1,250.0
gatheringsdinner,1,250.0
parties,1,250.0
5150,1,170.0
venerable,1,175.0
history,1,330.0
updatedgreat,1,205.0
laundry5128,1,165.0
museumsparkssubway,1,175.0
corporate,1,200.0
pool5171,1,275.0
captivating,1,180.0
118th,1,200.0
view5173,1,260.0
thriving,1,330.0
bedroom5134,1,160.0
american,1,330.0
mannys,1,199.0
1bd1,1,160.0
bushwickbedstuy,1,165.0
laundry5213,1,180.0
1ba1bd,1,200.0
chrysler,1,239.0
worlds,1,199.0
dooman,1,285.0
location5178,1,285.0
parkeast,1,160.0
geodesic,1,200.0
parkflatbush,1,219.0
easter,1,180.0
authoritytimes,1,239.0
westprime,1,239.0
catching,1,219.0
doorman15,1,199.0
independent,1,190.0
dome,1,200.0
doormangymdeck,1,225.0
toddler,1,250.0
assemblage,1,220.0
velvet,1,180.0
layout5143,1,295.0
toms,1,175.0
21st6th,1,250.0
4bdr,1,301.0
typical,1,200.0
unbelievable,1,175.0
2bdr1bath,1,325.0
5119,1,250.0
sohogood,1,229.0
cityeast,1,180.0
bathprivate,1,165.0
charme,1,180.0
blks,1,295.0
纽约市曼哈顿中城east,1,230.0
st2室1厅4500月,1,230.0
loralei,1,185.0
manhattan3,1,204.0
bedroom5109,1,160.0
duplexprivate,1,225.0
italysoho,1,200.0
sleepover,1,333.0
wparking,1,230.0
650sqf,1,250.0
scale,1,226.0
uber,1,175.0
5230,1,165.0
78718,1,175.0
doormanfurnishedbattery,1,250.0
5191,1,180.0
bbg,1,201.0
elegantly,1,200.0
suitebeach,1,195.0
suburban,1,160.0
5176,1,160.0
prettybrandnew,1,299.0
ivy,1,239.0
orderly,1,172.0
timber,1,250.0
standing,1,250.0
subw,1,165.0
window,1,200.0
encrusted,1,175.0
nychaven4entire,1,195.0
62ndbeautifully,1,160.0
locationeast,1,160.0
st1st,1,198.0
casino,1,195.0
along,1,172.0
66th,1,172.0
bedroom5179,1,250.0
100,1,300.0
5★,1,300.0
digs,1,176.0
classon,1,176.0
23d,1,245.0
flrsutton,1,245.0
myrtlewash,1,200.0
bed5206,1,250.0
forte,1,175.0
centralpk,1,275.0
bdwaytimes,1,224.0
2bre,1,200.0
residencies,1,200.0
roofdeck5112,1,197.0
ballwasher,1,165.0
roomkitchen,1,179.0
mozy,1,168.0
drive,1,200.0
door,1,185.0
restfully,1,206.0
elevsecurity,1,210.0
nychaven2,1,165.0
wellfurnished,1,250.0
❤️fab,1,165.0
add,1,250.0
renovatedbest,1,250.0
turtle,1,275.0
bayun,1,275.0
lovelyspaciousupperwestsidespend,1,250.0
summermonth,1,250.0
poollux,1,180.0
5140,1,180.0
roomkitchenshared,1,189.0
5145,1,202.0
villageusq,1,200.0
54thprime,1,185.0
lightfull,1,190.0
danish,1,225.0
elegantclassy,1,260.0
bdmsclean,1,260.0
1700sf,1,225.0
5180,1,190.0
multi,1,200.0
subwaycentral,1,180.0
5205,1,197.0
dumbovinegar,1,170.0
loftheart,1,220.0
550,1,170.0
wyn,1,170.0
doormanelev,1,170.0
5188,1,175.0
5204,1,250.0
photographers,1,199.0
“best,1,249.0
87th,1,167.0
hottest,1,165.0
lrge,1,225.0
lowermanhattan,1,196.0
midtowntime,1,169.0
40th,1,189.0
floorsexposed,1,185.0
58th,1,245.0
localhaus,1,170.0
flatbushditmas,1,189.0
welcomes,1,174.0
streetlarge,1,220.0
1brcolumbus,1,220.0
things,1,250.0
tosubway,1,225.0
largeprime,1,200.0
appointment,1,275.0
wyard,1,255.0
villagecooper,1,200.0
circlehell’s,1,169.0
studiocolumbus,1,169.0
cut,1,259.0
caretakers,1,259.0
traveller,1,189.0
studiobest,1,175.0
valuesleeps3,1,175.0
designedbest,1,185.0
radio,1,176.0
welllighted,1,300.0
decks,1,175.0
designed2brwd,1,300.0
locationlocation,1,185.0
wificable,1,259.0
cooper,1,250.0
exposedbrick,1,175.0
casually,1,225.0
eastvillagemanhattan,1,210.0
5194,1,170.0
hunter,1,199.0
950sf,1,249.0
sslope,1,300.0
dplxdeckbirds,1,300.0
california,1,175.0
naturally,1,172.0
loftapartment,1,200.0
alley,1,250.0
apta,1,169.0
terrific,1,175.0
37,1,197.0
reason,1,195.0
rating,1,195.0
❤️gorgeous,1,160.0
cl,1,225.0
brooklynsleeps,1,175.0
griffin,1,200.0
celebrities,1,300.0
luxuryone,1,202.0
opt,1,245.0
42,1,225.0
dplx,1,245.0
thmurray,1,197.0
amnh,1,325.0
lightflooded,1,220.0
89th,1,267.0
16th,1,195.0
svced,1,195.0
dr,1,190.0
übermodern,1,249.0
sunsetfacing,1,299.0
dog,1,200.0
cutie,1,180.0
luxury3bedroom3bthrmprivateprkngbeachrstrnts,1,224.0
xtra,1,200.0
call,1,199.0
transport,1,280.0
conveniently,1,200.0
morris,1,169.0
williamsburg”,1,249.0
bethel,1,200.0
italy★,1,250.0
concierge,1,180.0
temple,1,198.0
5192,1,310.0
★stay,1,252.0
suite★,1,252.0
warwick,1,200.0
britespacious,1,300.0
le,1,175.0
midtowntms,1,200.0
ctrpier,1,200.0
97,1,200.0
blu,1,160.0
★★luxury,1,198.0
resort★★,1,198.0
★★sleep,1,198.0
★1000,1,250.0
beverly,1,300.0
5196,1,179.0
marys,1,200.0
msk,1,249.0
trainprivate,1,219.0
patioclean,1,219.0
comtemporary,1,218.0
expectations,1,185.0
beyond,1,185.0
10250,1,200.0
5131,1,330.0
sqftupper,1,230.0
stdesign,1,165.0
5187,1,165.0
5138,1,196.0
2or3,1,180.0
terracedoorman,1,200.0
dwell,1,239.0
suite★★,1,198.0
sqgreenwich,1,275.0
mount,1,169.0
3br2,1,300.0
ralph,1,220.0
lauren,1,220.0
5220,1,250.0
unreal,1,225.0
26,1,215.0
4c,1,175.0
sudio,1,165.0
bathduplexyardnear,1,300.0
‘gem’,1,214.0
800,1,230.0
aveeast,1,200.0
side1st,1,200.0
bottled,1,259.0
51st7,1,185.0
av2,1,185.0
rr,1,169.0
5167,1,175.0
heremetro,1,299.0
crashpadstay,1,299.0
4bedrm,1,299.0
residencydoormangymelevator,1,250.0
multiple,1,300.0
fullyrenovated,1,225.0
verve,1,250.0
5200,1,290.0
pictures,1,190.0
208,1,189.0
squrjavits,1,200.0
46st,1,200.0
4bedroom2bath,1,300.0
columbiacity,1,300.0
1bm,1,180.0
wooden,1,180.0
highceiling,1,250.0
dominiques,1,299.0
features,1,205.0
ready,1,250.0
hacienda,1,205.0
45th,1,165.0
walkbike,1,196.0
gr8,1,210.0
eastmanhattan,1,220.0
highfloor,1,225.0
1899,1,175.0
bushwickeast,1,160.0
studiomidtown,1,200.0
nymt061,1,160.0
citywaterfront,1,249.0
bedroomgymdoorman,1,160.0
apa,1,160.0
cntr,1,165.0
4bedroom2bathroom,1,197.0
efficient,1,189.0
experiencing,1,175.0
alone,1,199.0
❤art,1,196.0
check,1,230.0
parkcomfortclassymidtown,1,285.0
apartmnet,1,160.0
feb,1,200.0
1928,1,200.0
1619,1,275.0
10262,1,300.0
nymt071,1,160.0
studiocozygymdoorman,1,160.0
stu7,1,160.0
actor,1,239.0
guestswifiprivate,1,160.0
philip,1,239.0
seymour,1,239.0
hoffman,1,239.0
lived,1,239.0
beachy,1,300.0
italynolita,1,200.0
link,1,230.0
heightspark,1,250.0
nation,1,220.0
bsmt,1,198.0
occupied,1,295.0
extravagant,1,252.0
feels,1,185.0
frank,1,298.0
dean,1,298.0
meals,1,199.0
matter,1,165.0
gardensgowanus,1,192.0
belvedere,1,175.0
broolyn,1,210.0
villagecharming,1,190.0
studioamazing,1,190.0
★luxurious,1,198.0
resort★,1,198.0
listed,1,260.0
penthouserooftop,1,300.0
tourism,1,168.0
1600sq,1,172.0
tryon,1,200.0
stay1000,1,198.0
söderläge,1,225.0
22ndrefurbished,1,239.0
brownstonenewly,1,230.0
completed,1,230.0
renovation,1,230.0
appointedwdryer,1,216.0
condition1brterracee,1,220.0
6500,1,211.0
villagechelseaprime,1,164.0
pm,1,211.0
heigths,1,175.0
rejuvenate,1,275.0
condoseast,1,243.0
manhattanlaguardia,1,179.0
nightlife,1,184.0
perrier,1,180.0
w71st,1,200.0
neighbrhood,1,175.0
forever,1,243.0
spacey,1,210.0
estrella,1,207.0
designerdecorated,1,300.0
gone,1,199.0
wind,1,199.0
complex,1,199.0
luxurysweeping,1,179.0
skylines,1,179.0
dupl,1,185.0
★city,1,198.0
parking1000,1,179.0
bdrms2,1,179.0
extreme,1,220.0
dappled,1,265.0
room1,1,203.0
collegestrain,1,203.0
wfree,1,180.0
3b3b,1,295.0
circlepark,1,325.0
buschwick,1,180.0
subwayfast,1,215.0
west4,1,270.0
fit,1,270.0
leafy,1,245.0
suv,1,245.0
stuff,1,200.0
115,1,200.0
accomodations,1,259.0
moore,1,185.0
manhathan,1,160.0
modern1200,1,329.0
flower,1,200.0
flatiron1,1,235.0
woodframe,1,165.0
sohoquiet,1,215.0
st2,1,215.0
cell,1,180.0
sleeps★,1,198.0
tonight,1,200.0
conscious,1,333.0
williamsburgbedstuy,1,260.0
ultramodern,1,250.0
5120,1,180.0
floorprivate,1,218.0
estates,1,176.0
gp,1,250.0
sommwhere,1,333.0
5212,1,190.0
complitely,1,250.0
nymt216,1,160.0
bedroomcozygymdoorman,1,160.0
ap2,1,160.0
nymt031,1,160.0
movielike,1,190.0
cultivated,1,200.0
bedrapt13,1,160.0
️,1,175.0
yardschelsea,1,175.0
southfacing,1,249.0
locationexposed,1,186.0
tones,1,290.0
cocoon,1,209.0
luxury3,1,179.0
1700sqfrenovated,1,250.0
vibey,1,160.0
lesnolita,1,250.0
sqeast,1,198.0
bridgeschinatown,1,190.0
fenihouse,1,200.0
✨bright,1,190.0
village❤️,1,190.0
wgorgeous,1,289.0
harrigan,1,300.0
1889,1,170.0
aptcozygymrooftop,1,160.0
nysas,1,250.0
10248,1,250.0
3ppl,1,225.0
boudoir,1,249.0
feet,1,185.0
leahs,1,200.0
bed25,1,300.0
bad,1,300.0
mezzanine,1,175.0
argyle,1,250.0
road,1,250.0
irresistible,1,199.0
heightsbedsty,1,200.0
modernism,1,250.0
parktimes,1,160.0
muse,1,250.0
atlantic,1,200.0
kipsbaymurrayhill,1,229.0
65th,1,190.0
culture,1,187.0
bayridge,1,225.0
sleeps6,1,275.0
active,1,175.0
199sleeps,1,199.0
condogympoolsundecksauna,1,278.0
2br1bth,1,225.0
10226,1,160.0
rising,1,200.0
year,1,300.0
membership,1,200.0
occup,1,290.0
flights,1,175.0
2l2r,1,199.0
☺,1,249.0
bushwicks,1,165.0
scene,1,165.0
zenstyle,1,275.0
3r3l,1,199.0
3br15,1,333.0
nature,1,187.0
sidelincoln,1,255.0
washdryer,1,287.0
manhatta,1,175.0
floating,1,225.0
cityview,1,200.0
studiosgymdeck,1,190.0
bergen,1,235.0
cleanspaciousconvenientfidinyc,1,300.0
locationcharmcomfortlive,1,250.0
outdoordeck,1,199.0
5133,1,200.0
centerluxury,1,255.0
uwscentral,1,170.0
4bdrm,1,275.0
starckgym,1,160.0
finished,1,170.0
shopping,1,239.0
1427,1,200.0
locationsutton,1,185.0
franco,1,225.0
dgm,1,200.0
squft,1,200.0
5183,1,175.0
apartmentoutdoor,1,160.0
sq55b,1,160.0
kensingtonditmas,1,160.0
dupont,1,200.0
2brgramercy,1,280.0
1br1ba,1,180.0
1brm,1,170.0
sleeps4,1,200.0
glass,1,200.0
chelseaenjoy,1,300.0
aptwf15,1,250.0
safari,1,225.0
basketball,1,160.0
court5182,1,160.0
ball5149,1,178.0
divided,1,290.0
designinfused,1,240.0
spatious,1,210.0
pick,1,325.0
monroe,1,189.0
transporation,1,165.0
broadwayfinancial,1,235.0
amenties,1,165.0
williamsburgs,1,200.0
34th1br,1,225.0
10253,1,300.0
waccess,1,175.0
yinkas,1,180.0
chinatownlower,1,200.0
8minute,1,300.0
wgardenfamily,1,240.0
warmth,1,250.0
say,1,299.0
jazzy,1,225.0
eatin,1,175.0
roombth,1,180.0
vickies,1,185.0
daphnes,1,160.0
britney,1,160.0
homes,1,250.0
ter,1,169.0
abc,1,200.0
pp,1,200.0
solstice,1,165.0
enchanted,1,220.0
apt3,1,250.0
brooklynnew,1,220.0
crclecentral,1,253.0
cleanbright,1,200.0
☆stylish,1,298.0
aptmins,1,298.0
lovers,1,250.0
cousy,1,180.0
10256,1,250.0
villiage,1,195.0
styled,1,300.0
eden,1,200.0
18ft,1,191.0
纽约三室一厅两全浴带独立厨房和停车位,1,188.0
threeroom,1,188.0
130,1,250.0
dreamhouse,1,250.0
washing,1,265.0
miss,1,165.0
catch,1,165.0
marina,1,250.0
townhousecarroll,1,200.0
semi,1,320.0
❤️ny,1,207.0
douplex,1,188.0
landscaped,1,195.0
take,1,200.0
wont,1,200.0
5810,1,280.0
pond,1,215.0
goldfish,1,215.0
parkprivate,1,165.0
42nd,1,175.0
shasha,1,319.0
exploring,1,212.0
chance,1,165.0
hamptonsesque,1,250.0
wabisabi,1,250.0
manhat,1,248.0
2500,1,275.0
appartamento,1,176.0
luminoso,1,176.0
sqmore,1,275.0
flexupper,1,220.0
sidee89th,1,220.0
palm,1,225.0
56,1,200.0
precious,1,250.0
soon,1,188.0
waterview,1,200.0
brloft,1,200.0
anderson,1,175.0
square1,1,169.0
bdrs,1,189.0
fgr23,1,189.0
wes,1,175.0
30mins,1,169.0
6125,1,170.0
6127,1,180.0
try,1,231.0
89,1,163.0
kiki’s,1,200.0
10264,1,180.0
richmond,1,300.0
appropriated,1,222.0
bedroomheart,1,225.0
foodies,1,165.0
neighborhoodauthentic,1,165.0
homenextdoor,1,282.0
accommodates,1,282.0
【south,1,300.0
brightclean,1,180.0
borough,1,195.0
directions,1,295.0
celebs,1,240.0
fave,1,240.0
3bd1ba,1,295.0
williamsburgmaccarren,1,199.0
highr,1,190.0
murrayhill,1,180.0
spread,1,185.0
renovated10,1,325.0
boroughs,1,178.0
2train,1,300.0
2bdrms,1,170.0
fith,1,163.0
5d,1,220.0
35,1,189.0
circlehk,1,225.0
mto,1,288.0
2bds,1,290.0
62,1,208.0
aptmidtowneast,1,185.0
flatironchelsea,1,250.0
lake,1,199.0
clouds,1,300.0
stellar,1,180.0
traditional,1,250.0
sunroof,1,200.0
7e,1,220.0
julliard,1,299.0
landmarks,1,175.0
fire,1,265.0
20ft,1,175.0
纽约的家,1,258.0
flbasement,1,275.0
loftgood,1,265.0
energybig,1,265.0
classical,1,250.0
luxirious,1,190.0
discounts,1,190.0
marble,1,274.0
nile,1,180.0
beachcity,1,179.0
roomofficestudio,1,300.0
hansel,1,175.0
gretel,1,175.0
sanparaíso,1,290.0
retro,1,290.0
401,1,275.0
sub,1,180.0
sidesohonolita,1,275.0
williamsburggrrenpoint,1,300.0
brookyln,1,225.0
andairport,1,188.0
luxuary,1,190.0
locationmidtown,1,200.0
every,1,195.0
parkingeasy,1,175.0
hillseasy,1,175.0
2bathr,1,300.0
★backyard,1,190.0
35min,1,190.0
dtwn,1,200.0
spaciousawesome,1,237.0
blanca,1,300.0
moment,1,235.0
quick,1,300.0
seas,1,235.0
12br,1,160.0
shhbelindas,1,200.0
ammenities,1,175.0
gray,1,170.0
flat❤️,1,330.0
gardn,1,259.0
190,1,200.0
gossip,1,225.0
groups★,1,190.0
4brs,1,190.0
2b2b3,1,180.0
aprtment,1,210.0
ocenfront,1,250.0
safequietfamilyfriendly,1,265.0
districtbalcony,1,225.0
avetime,1,300.0
harman,1,165.0
square】,1,300.0
oval,1,315.0
hometown,1,315.0
pop,1,265.0
feeling,1,170.0
caroll,1,170.0
sofabedunique,1,260.0
bdm,1,250.0
jungalow,1,180.0
cobblestone,1,205.0
7th,1,200.0
warner,1,200.0
oversize,1,195.0
unsq,1,300.0
wgym,1,321.0
jfklirrairtrain,1,250.0
8mins,1,250.0
squarebryant,1,325.0
811,1,250.0
yorks,1,269.0
bed15,1,299.0
girl,1,225.0
abundant,1,160.0
10273,1,175.0
greatest,1,200.0
mine,1,300.0
2bed15ba,1,288.0
♕nyc,1,323.0
sunlights,1,309.0
spacioussunny,1,300.0
baclony,1,303.0
global,1,175.0
ass,1,250.0
⚓nyc⚓,1,215.0
❤️ever,1,330.0
kipsey,1,175.0
producers,1,242.0
site,1,220.0
kitchenette,1,229.0
village♥,1,215.0
apartmentdeck,1,280.0
♥cutest,1,215.0
evol,1,160.0
710718,1,228.0
couronne,1,275.0
welevator,1,210.0
á,1,184.0
1875,1,175.0
dope,1,250.0
queer,1,249.0
lgbtqia,1,249.0
loveprivate,1,237.0
fetching,1,232.0
calvin,1,320.0
opulent,1,189.0
mkt,1,298.0
looks,1,320.0
trainspacioussleeps,1,160.0
⭐springsummer,1,299.0
apartment2,1,180.0
girls,1,200.0
5242,1,220.0
piece,1,250.0
★brightspacious,1,250.0
state5th,1,250.0
spacioussleeps,1,160.0
247,1,195.0
2next,1,160.0
trainsflex,1,160.0
klein,1,320.0
ad,1,320.0
cuteness,1,208.0
twolevel,1,195.0
ueswd,1,180.0
spiritual,1,189.0
bearrug,1,293.0
australian,1,293.0
studionear,1,250.0
1860’s,1,249.0
thies,1,165.0
patio⭐,1,299.0
2flex,1,160.0
pictureperfect,1,255.0
tu,1,240.0
mi,1,240.0
cozycharming,1,240.0
sunnybright,1,160.0
sauve,1,224.0
covered,1,200.0
5239,1,220.0
metropolitan,1,275.0
professional,1,199.0
studio5217,1,175.0
44stdoorman,1,175.0
moderm,1,200.0
hewes,1,250.0
shining,1,275.0
stainless,1,167.0
terrace73a,1,190.0
flight,1,200.0
lgjm,1,200.0
sprawling,1,300.0
collected,1,229.0
subway✭,1,265.0
fullfloor,1,300.0
✩prime,1,200.0
✭spacious,1,265.0
side✩,1,200.0
5235,1,215.0
558,1,215.0
5237,1,265.0
deck5223,1,250.0
5238,1,220.0
522,1,293.0
5247,1,293.0
5227,1,293.0
studioapt,1,199.0
5221,1,260.0
later,1,201.0
modernpretty,1,199.0
⭐16,1,261.0
thank,1,201.0
absolutely,1,201.0
line—with,1,175.0
flat⭐luxury,1,261.0
5234,1,170.0
2bedwith,1,265.0
skyluxury,1,207.0
sqsleeps,1,300.0
quinta,1,179.0
bajaron,1,300.0
stephen,1,165.0
colbert,1,165.0
marvelous,1,170.0
show,1,165.0
in❤️manhattan,1,200.0
apartments,1,200.0
ozone,1,200.0
precios,1,300.0
4br25ba,1,299.0
deadend,1,195.0
rebuilt,1,300.0
7c,1,195.0
4br35ba,1,299.0
soulful,1,174.0
47thfloor,1,186.0
bedrom,1,278.0
steet,1,200.0
locals,1,230.0
epicenter,1,230.0
apartmentprivate,1,185.0
theupper,1,199.0
waiting,1,169.0
4u,1,169.0
41,1,189.0
nycamazing,1,199.0
navidad,1,300.0
oportunidad,1,300.0
plants,1,189.0
books,1,189.0
splash,1,235.0
sugarhill,1,173.0
sqr★,1,250.0
★large,1,250.0
smhs,1,200.0
cozyquaint,1,185.0
bedroom3,1,199.0
skylightfireplace,1,245.0
bldgnext,1,300.0
queens’,1,170.0
laguardia2blocks,1,199.0
duplexelevator,1,240.0
☀times,1,295.0
verrazano,1,165.0
56thpark,1,169.0
loveseat,1,179.0
kitchendoormangym,1,300.0
italychina,1,190.0
478,1,200.0
miami,1,160.0
coworking,1,166.0
soaking,1,297.0
westcozy,1,179.0
lxry,1,300.0
cold,1,297.0
wake,1,300.0
adults,1,250.0
monkey,1,220.0
舒适的阳光朝南单间与哥大咫尺之遥,1,250.0
factor,1,250.0
974sf,1,200.0
business,1,199.0
queenroom,1,180.0
budget,1,229.0
2floor,1,175.0
peacful,1,200.0
studiopetite,1,225.0
7d,1,195.0
grove,1,299.0
guggenheim,1,230.0
it2,1,260.0
unheard,1,290.0
citified,1,257.0
jfkmanhattan,1,257.0
soul,1,160.0
glamping,1,250.0
wlarge,1,165.0
sideeast,1,160.0
much,1,220.0
2brkitchenette,1,289.0
freehand,1,179.0
community,1,250.0
9mts,1,330.0
lgbtq,1,180.0
centerprospecpark,1,330.0
6133,1,180.0
boasts,1,190.0
bachelor,1,285.0
many,1,199.0
baisley,1,160.0
decorators,1,250.0
industry,1,172.0
districtwall,1,250.0
mesmerizing,1,250.0
elev,1,220.0
✨,1,330.0
streetchelsea,1,210.0
tribecasoho,1,250.0
bedroomgreat,1,244.0
habla,1,160.0
bathcolumbus,1,290.0
apt2,1,295.0
lugers,1,225.0
☕perfect,1,330.0
hamptons,1,200.0
self,1,196.0
自己的小房间,1,200.0
connection,1,199.0
recycle,1,295.0
renovare,1,295.0
largecozy,1,175.0
hästens,1,300.0
trilevel,1,225.0
waterfrnt,1,185.0
5o,1,185.0
cathedral,1,270.0
homestead,1,225.0
1brstudio,1,225.0
40,1,200.0
★2200sq,1,220.0
industrialchic,1,200.0
grameryunion,1,199.0
w3,1,165.0
cityspacious,1,160.0
mavis,1,275.0
expansive,1,175.0
曼哈顿帝国大夏,1,165.0
sohonohowest,1,200.0
7mins,1,290.0
square【2】,1,165.0
proper,1,230.0
cambria,1,160.0
7train,1,200.0
roombrooklyn,1,175.0
peter,1,225.0
hiceiling,1,185.0
park★,1,220.0
close2subway,1,300.0
daily,1,245.0
hr,1,320.0
⚡stylish,1,249.0
greenpointbk,1,225.0
carrol,1,250.0
doormandeck,1,236.0
3br25bth,1,204.0
chelsea24,1,320.0
nyceast,1,187.0
uesdoormanwasherdryer,1,210.0
st5th,1,187.0
javits,1,295.0
outstanding,1,295.0
1908,1,250.0
5198,1,200.0
paris,1,165.0
manhattan★large,1,189.0
nestacross,1,160.0
☯,1,300.0
stylists,1,290.0
strivers,1,175.0
viewrooftop,1,225.0
loftcentral,1,294.0
aptwalk,1,250.0
násers,1,300.0
reading,1,225.0
midwest,1,200.0
lawrence,1,250.0
both❤️,1,300.0
wahi,1,175.0
newluxury,1,200.0
3bds,1,300.0
offerhealers,1,297.0
ponderosa,1,235.0
studiowall,1,225.0
longer,1,225.0
parkmusuems,1,294.0
till,1,275.0
master’s,1,160.0
consuello2,1,169.0
east2br,1,185.0
parkview,1,250.0
thomass,1,225.0
palce,1,270.0
sory,1,225.0
✴spacious,1,170.0
25bath,1,250.0
homey✴,1,170.0
treetops,1,185.0
marko,1,300.0
3ba,1,279.0
sqpark,1,299.0
✌✌✌,1,270.0
utopia,1,180.0
greeneclinton,1,180.0
winged,1,305.0
español,1,160.0
robertas,1,200.0
homebase,1,185.0
se,1,160.0
trainscity,1,160.0
creek,1,225.0
rumcbuses,1,199.0
memorable,1,320.0
apt15,1,295.0
williasmburg,1,168.0
✧,1,300.0
cosyelegant,1,199.0
jawdropping,1,162.0
spteps,1,180.0
sisters,1,160.0
✿✿,1,300.0
dwellers,1,300.0
theheights,1,160.0
mad,1,175.0
bird,1,200.0
⚓⚓⚓,1,210.0
confi,1,200.0
slopegreenwood,1,180.0
da,1,225.0
unicorn,1,250.0
sanctum,1,225.0
subway★20min,1,189.0
leisure,1,190.0
sobecatown,1,220.0
9th,1,200.0
heartbeat,1,160.0
surrounded,1,200.0
3bed25bath,1,260.0
break,1,275.0
bedrooms15,1,196.0
ferryverrazano,1,199.0
brdg,1,199.0
☀bright,1,240.0
nystreet,1,280.0
34,1,185.0
parklarge,1,262.0
neighbourhood,1,186.0
el,1,161.0
barrio,1,161.0
sunbathed,1,245.0
westvillagegreenwich,1,245.0
lot,1,200.0
nohogreenwich,1,274.0
conve,1,250.0
conversion,1,200.0
54th,1,250.0
rose,1,300.0
6109,1,180.0
gardenlevel,1,250.0
parktribeca,1,240.0
wberg,1,179.0
dealprivatenon,1,240.0
miminalism,1,180.0
rosada,1,161.0
mini,1,160.0
peace,1,200.0
jewelinthecrown,1,260.0
quartz,1,300.0
gympoolrooftop,1,225.0
coast,1,320.0
fridge,1,200.0
festive,1,300.0
usq,1,299.0
williamsburg’s,1,320.0
mahattan,1,200.0
2brsofa,1,225.0
barclay’s,1,250.0
disttminutes,1,300.0
1881,1,200.0
1520mins,1,250.0
duplexgreat,1,250.0
havemeyer,1,160.0
kensington,1,169.0
norwood,1,187.0
couple’s,1,285.0
pull,1,300.0
sqmidtown,1,180.0
apartmentby,1,164.0
apartmet,1,200.0
bloomies,1,210.0
hotspot,1,250.0
cozyquite,1,199.0
800sq,1,202.0
millions,1,205.0
sheepshead,1,300.0
avebarclays,1,199.0
27,1,333.0
◈hidden,1,199.0
luxury5th,1,300.0
stockholm,1,245.0
exquisitely,1,233.0
onebedrooom,1,225.0
fountain,1,169.0
rm2,1,200.0
subwaylower,1,164.0
poolgymbalcony,1,225.0
also,1,200.0
3br3ba,1,250.0
baltic,1,280.0
biggest,1,200.0
1bedrm,1,160.0
pelham,1,300.0
parkways,1,300.0
fashionable,1,210.0
nye,1,200.0
manhattan✪,1,250.0
✪modern,1,250.0
buildinglower,1,209.0
addl,1,300.0
2beduws,1,175.0
midmod,1,250.0
villagenyu,1,229.0
kosy,1,175.0
125th,1,163.0
prvte,1,230.0
kiwi,1,220.0
crystal,1,300.0
adventure,1,178.0
mediation,1,300.0
gowanuspark,1,200.0
manhattan★★★,1,320.0
37th,1,198.0
manhattantribeca,1,300.0
herecute,1,200.0
lover’s,1,300.0
budgetfriendly,1,250.0
⚡quiet,1,249.0
➽,1,171.0
cheap,1,165.0
☀soho☀,1,171.0
bella,1,249.0
fly,1,160.0
studiocentral,1,175.0
midtownhells,1,275.0
★★★chic,1,320.0
sauna,1,299.0
5beds,1,288.0
knitting,1,200.0
suiteseast,1,225.0
said,1,230.0
enough,1,230.0
taste,1,300.0
straight,1,195.0
38th,1,225.0
deckgarden,1,161.0
⊹,1,171.0
upperwestside2b1bashorttermfurnished,1,220.0
kitchengymrooftop,1,179.0
ticketsprivate,1,182.0
viewfree,1,182.0
2528,1,299.0
party,1,250.0
renovations,1,185.0
another,1,163.0
effective,1,215.0
2bathroom,1,179.0
juliette,1,200.0
wbackyardnear,1,168.0
alisha’s,1,249.0
placejfk,1,249.0
owners,1,225.0
livin,1,230.0
townhousebackyard,1,200.0
⭐in,1,220.0
wlrg,1,250.0
gem◈,1,199.0
woodside,1,280.0
manhattan4,1,180.0
upgraded,1,200.0
nicest,1,185.0
cost,1,215.0
bknyc,1,190.0
parkcolumbus,1,195.0
astoria10,1,289.0
parkmuseum,1,169.0
lapp,1,160.0
alia’s,1,215.0
coronas,1,250.0
billion,1,235.0
primelylocated,1,260.0
bathrms,1,250.0
61,1,250.0
solow,1,250.0
1940s,1,300.0
total,1,299.0
aclaundry,1,300.0
match,1,250.0
2bed25bath,1,333.0
allrounder,1,250.0
4person,1,160.0
2bathen,1,249.0
outdoors,1,200.0
race,1,180.0
tract,1,180.0
furnishedbest,1,195.0
village2,1,190.0
waters,1,250.0
10309,1,165.0
inquiry,1,314.0
elevators,1,175.0
colonial,1,180.0
land,1,175.0
eastlittle,1,239.0
solar,1,285.0
beautifulclean,1,180.0
twobed,1,295.0
ash’s,1,200.0
squareall,1,190.0
kalajones,1,250.0
2brnewly,1,195.0
hell´s,1,170.0
midtownwest55th,1,250.0
prkg,1,199.0
locations,1,250.0
wterraceclose,1,220.0
neighbor,1,300.0
slopebrooklyn,1,169.0
verrezzano,1,200.0
always,1,250.0
bup,1,329.0
sohonoholes,1,295.0
diningtrains,1,202.0
astorias,1,199.0
specially,1,200.0
viewsdoormane,1,330.0
time’s,1,240.0
premiumluxury,1,210.0
downtownnyc,1,175.0
5m,1,202.0
luxary,1,191.0
mamhattan,1,200.0
dj,1,200.0
poppin,1,250.0
2bat,1,175.0
4beds2baths,1,265.0
condosleeps,1,259.0
35off,1,309.0
redone,1,309.0
use,1,309.0
小房间,1,200.0
driveway,1,175.0
warmfriendlybrooklyn,1,200.0
hide,1,299.0
squarehk,1,250.0
sunsplashed,1,200.0
hse,1,175.0
yorkish,1,179.0
redbrick,1,299.0
✦luxury,1,275.0
aparment,1,165.0
angeles,1,165.0
nicely,1,200.0
83rd,1,215.0
parktime,1,190.0
energy,1,200.0
plans,1,275.0
shady,1,195.0
1500sqft,1,250.0
8th,1,180.0
30sec,1,180.0
w360,1,160.0
park6train,1,169.0
infront,1,300.0
poyer,1,179.0
artdeco,1,299.0
wholefloor,1,290.0
sidewest,1,215.0
studio1br,1,175.0
breath,1,199.0
ameluz,1,299.0
bedstuyclinton,1,160.0
basin,1,299.0
manhattanairport,1,169.0
noisy,1,200.0
environment,1,200.0
wparkingclose,1,169.0
1fl,1,169.0
6110,1,300.0
pax,1,220.0
mill,1,299.0
bedroomriver,1,300.0
❤️❤️new,1,280.0
⚓,1,280.0
35m,1,160.0
3b2b,1,190.0
chef,1,175.0
mercedesbenz,1,175.0
retreatgreat,1,175.0
used,1,200.0
wife,1,200.0
dinner,1,175.0
6119,1,190.0
8m,1,200.0
po,1,220.0
91st,1,175.0
georges,1,160.0
815minjfklga,1,325.0
miraculous,1,160.0
bthsleep,1,325.0
wonderlust,1,180.0
tao,1,199.0
ascending,1,199.0
ful,1,325.0
accommodation,1,225.0
e91st,1,160.0
vista,1,300.0
3beds2bedroom,1,269.0
sahara,1,200.0
thirdfloor,1,275.0
taking,1,199.0
bbqs,1,316.0
discounted★,1,239.0
serenity—great,1,299.0
instagrammers,1,200.0
novembers,1,200.0
preholiday,1,200.0
shy,1,175.0
williambsurg,1,200.0
location★hello,1,189.0
nightly,1,197.0
louvre,1,195.0
10307,1,250.0
★incredible,1,189.0
wide,1,260.0
wburggreenpoint,1,250.0
morden,1,298.0
cluba,1,300.0
architecturally,1,240.0
downstairs,1,160.0
smoke,1,250.0
southsunny,1,199.0
brooklyn’s,1,167.0
rooftops,1,200.0
aptchelsea,1,180.0
apartmentwasher,1,300.0
stuytown,1,189.0
property,1,280.0
condogym,1,225.0
3blocks,1,225.0
6124,1,170.0
6128,1,170.0
10292,1,175.0
6105,1,290.0
chelseaglobal,1,175.0
viewsnoho,1,325.0
775,1,300.0
apartment✦,1,275.0
openplan,1,200.0
charmer❤️,1,299.0
bthrm,1,160.0
v,1,280.0
splendor,1,179.0
modernsunny,1,190.0
parkingback,1,200.0
coutryard,1,275.0
marvellous,1,170.0
equip,1,160.0
awesomely,1,180.0
531,1,207.0
organic,1,270.0
205,1,210.0
206,1,255.0
sunnystylish,1,300.0
bdrmbthrm,1,180.0
freedom,1,250.0
adjoined,1,199.0
desired,1,280.0
highly,1,280.0
25bd,1,300.0
conveniencecountry,1,290.0
ruppe,1,200.0
chique,1,160.0
works,1,160.0
cozycentralempirestatehighlinetimes,1,165.0
bldgjunior,1,185.0
1colombus,1,185.0
circleterracewd,1,185.0
meatpackingwvillage,1,225.0
hand,1,180.0
crafted,1,180.0
schools,1,200.0
wburgh,1,200.0
fine,1,199.0
lambe’s,1,200.0
1br★terrace★doorman,1,300.0
cen,1,299.0
72,1,207.0
1892,1,250.0
bldgbalconywdprime,1,170.0
elizabeth,1,195.0
nycmodern,1,165.0
bd1br,1,225.0
woodsychic,1,175.0
★3br2ba,1,299.0
penthousepvt,1,299.0
2b1ba,1,239.0
850,1,199.0
0519,1,170.0
1brgreat,1,185.0
hipcentral,1,175.0
brightsteps,1,160.0
parksubway,1,160.0
outsidefits,1,160.0
shiny,1,160.0
bikes,1,160.0
flrthru,1,180.0
kitchentimes,1,160.0
terr★,1,299.0
305,1,165.0
0527,1,170.0
wspectacular,1,190.0
debonair,1,325.0
studio96th,1,190.0
wea,1,190.0
nycmanhattan,1,190.0
stdio,1,200.0
2bdroom,1,168.0
aptclinton,1,175.0
pktrain,1,200.0
160thlong,1,200.0
kook,1,300.0
rockaways,1,300.0
snowfort,1,250.0
uharlem,1,250.0
townhousebrownstoneprospect,1,190.0
modernbestlocationnyc,1,185.0
ummer,1,275.0
campus,1,200.0
celebrity,1,250.0
fields2,1,230.0
“one,1,179.0
kind”,1,179.0
獨一無二的紐約閣樓,1,179.0
34th6th,1,180.0
5231,1,180.0
manahttan,1,300.0
arverne,1,199.0
dreamstyle,1,168.0
bdr2,1,192.0
fourpoints,1,270.0
4bedlush,1,299.0
brhigh,1,325.0
passport,1,279.0
roomupper,1,200.0
woodruffe,1,225.0
bedelevator,1,230.0
sams,1,300.0
event,1,300.0
ale,1,275.0
6ppl,1,243.0
ul,1,165.0
ebs,1,240.0
entry,1,175.0
nyc’s,1,290.0
exlarge,1,250.0
gdns,1,175.0
perf,1,250.0
nys,1,250.0
3bedlush,1,299.0
jackson,1,200.0
法拉盛中心新大楼2卧5分钟main,1,188.0
dumont,1,300.0
ap10min,1,299.0
20offamazing,1,161.0
destination,1,290.0
1bdroofdeckwburg,1,200.0
queen5minslga,1,275.0
welllocated,1,169.0
bedm,1,209.0
aptnohobond,1,330.0
die,1,180.0
harlemcolumbia,1,300.0
81694,1,195.0
1may,1,200.0
studentfamily,1,200.0
marios,1,173.0
sqevillage,1,185.0
charmingly,1,195.0
soaring,1,225.0
luxurymidtown,1,165.0
greenpointwburg,1,167.0
faces,1,195.0
dreaming,1,185.0
getwaway,1,300.0
william,1,259.0
bohème,1,179.0
bedroomamazing,1,163.0
sizable,1,259.0
dogfriendly,1,240.0
joyful,1,180.0
lgajfk,1,179.0
gymroof,1,200.0
jamaica,1,175.0
parkdoorman,1,235.0
subwaywaterfront,1,250.0
vacationers—nyc,1,250.0
convienent,1,300.0
sunnyprivatewilliamsburg,1,210.0
249,1,249.0
per,1,249.0
❤️lovely,1,185.0
charm❤️,1,185.0
⋆,1,299.0
fl4br2,1,325.0
rough,1,250.0
army,1,200.0
wexceptional,1,200.0
restroom,1,175.0
marion,1,195.0
shinny,1,180.0
casita,1,215.0
sumptuous,1,160.0
10313,1,200.0
⭐sleeps,1,300.0
cleanly,1,180.0
1brprime,1,185.0
midtownlaundryelevsleeps4,1,185.0
renters,1,300.0
alternative,1,300.0
semistudio,1,170.0
fairplay,1,300.0
shoots,1,240.0
donna,1,161.0
dina,1,161.0
apartment✿,1,195.0
blissful,1,175.0
columbiau,1,200.0
stclose,1,205.0
sohocentralquiet,1,205.0
nycartbnb,1,250.0
airportscityli,1,250.0
indoors,1,299.0
13ft,1,200.0
bx,1,247.0
studio7,1,299.0
windoor,1,307.0
3bed2bath,1,249.0
5179,1,280.0
kitchennyc,1,170.0
opposite,1,160.0
centra,1,225.0
flushingnyc,1,200.0
airbnbcentral,1,220.0
arts,1,175.0
homelegal,1,220.0
linda,1,170.0
bed✨,1,200.0
park20,1,180.0
dash,1,239.0
pet,1,160.0
ludlow,1,200.0
linden,1,170.0
5236,1,215.0
5219,1,180.0
berm,1,200.0
音樂之家,1,189.0
familiesentertaining,1,300.0
musician,1,189.0
exhibition,1,189.0
elevation,1,260.0
”bedstay”,1,180.0
beckoning,1,180.0
air,1,187.0
2mins,1,160.0
2400,1,225.0
bth10minjfklga,1,275.0
旅行客栈,1,255.0
confortable,1,200.0
brodway,1,299.0
westhuge,1,200.0
4queen,1,199.0
kays,1,200.0
2rms,1,199.0
passive,1,200.0
canadian,1,175.0
staybeautiful,1,239.0
bldgbestvalue,1,160.0
4br2,1,275.0
midtownelv,1,160.0
brprime,1,160.0
70ko,1,220.0
columbiasleeps,1,250.0
manhattanwyndham,1,250.0
50thdoormangymlaundry,1,190.0
mondern,1,175.0
wtc,1,200.0
track,1,250.0
centered,1,250.0
neck,1,178.0
pulse,1,275.0
steel,1,167.0
nycues,1,275.0
moderneclectic,1,225.0
thoughtful,1,238.0
monthlylux,1,306.0
blowup,1,250.0
addtn,1,250.0
3brwd,1,290.0
sites,1,299.0
herewalk,1,299.0
sq1br,1,334.0
bedroomsleeps,1,219.0
wspeakeasy,1,248.0
spunky,1,248.0
cozybeautiful,1,199.0
huds,1,199.0
mc,1,225.0
360°,1,240.0
hillbed,1,189.0
zone,1,190.0
1bedroomapt,1,162.0
1890,1,250.0
dyckman,1,200.0
apartmenttimesquarecentral,1,201.0
laguardia20,1,225.0
richardson,1,174.0
rear,1,174.0
bedw3,1,275.0
timeless,1,256.0
5232,1,275.0
6132,1,206.0
6131,1,206.0
stprivate,1,210.0
trainsentire,1,205.0
instagram,1,300.0
diner,1,169.0
olive’s,1,175.0
tonhouse,1,325.0
42ndflr,1,220.0
2700,1,250.0
refined,1,299.0
eldridge,1,299.0
4bedrooms,1,300.0
vue,1,295.0
frum,1,250.0
sohostyle,1,255.0
privbalcony,1,225.0
6129,1,206.0
stmidtownpoolgymdoorman,1,310.0
balconygympool,1,210.0
2floors,1,165.0
★modern,1,264.0
villagelower,1,195.0
sensational,1,250.0
chiccharming,1,235.0
germanias,1,250.0
clubhouse,1,169.0
bushwickridgewood,1,190.0
hancockbrooklyn,1,175.0
east★,1,264.0
em,1,250.0
117st,1,220.0
nyuw,1,266.0
050,1,266.0
season,1,246.0
squarejavitz,1,300.0
hampton,1,207.0
completely,1,160.0
beam,1,300.0
saratoga,1,185.0
harlemmorning,1,250.0
5240,1,190.0
shakti,1,170.0
w15,1,300.0
lincln,1,175.0
modem,1,325.0
supermarket,1,199.0
cafe,1,314.0
parkwest,1,170.0
houseflatiron,1,170.0
backyardbalcony,1,223.0
horns,1,300.0
jci,1,200.0
lxury,1,210.0
cgym,1,275.0
bedroomlincoln,1,275.0
building2,1,275.0
2e,1,210.0
fabolous,1,210.0
cozyquiet,1,200.0
train25,1,190.0
étage,1,175.0
marketwest,1,175.0
6112,1,300.0
sttop,1,255.0
magic★★flat,1,250.0
individual,1,250.0
squarelocation,1,250.0
6118,1,180.0
beautifulquiet,1,225.0
br1,1,179.0
prospectcrown,1,215.0
gorgeousstylish,1,250.0
rego,1,268.0
blvd,1,268.0
apr,1,199.0
jun,1,199.0
beatuful,1,300.0
neighborhoods,1,200.0
besides,1,255.0
flooded,1,200.0
bungalo,1,250.0
wsofa,1,260.0
staycation,1,275.0
❤❤❤,1,295.0
highlevel,1,180.0
diningliving,1,220.0
ro,1,220.0
locationempire,1,250.0
2min,1,200.0
au,1,175.0
bike,1,250.0
terrance,1,181.0
bthrms,1,180.0
⭐⭐⭐sleeps,1,229.0
marry,1,210.0
george,1,299.0
manhattan★★,1,275.0
uwstimes,1,299.0
★★cute,1,275.0
totrain,1,199.0
bayside3,1,190.0
sein,1,175.0
d’un,1,175.0
mikeys,1,325.0
⭐3,1,300.0
bulls,1,300.0
parkconvenient,1,325.0
roomplease,1,200.0
ueseast,1,300.0
districtchelsea,1,220.0
col,1,172.0
ms,1,320.0
tompkin,1,200.0
highway,1,200.0
fivestar,1,333.0
e12th,1,255.0
base,1,300.0
6113,1,300.0
eventsshoots,1,175.0
luxuryentire,1,300.0
✨large,1,200.0
cuisines,1,249.0
totimes,1,230.0
varied,1,249.0
parkmuseums,1,230.0
balocony,1,205.0
heavens,1,168.0
yardsmidtown,1,250.0
pearl,1,220.0
wwasherdryerbalcony,1,249.0
sq73c,1,160.0
train2,1,200.0
5229,1,202.0
500,1,200.0
bebop,1,200.0
swing,1,200.0
look,1,290.0
heightssoha,1,250.0
meadows,1,299.0
production,1,239.0
2beds,1,240.0
locate,1,228.0
mixing,1,199.0
film,1,199.0
wloft2bathhighceiling,1,200.0
photography,1,199.0
apartment20min,1,190.0
pace,1,175.0
exotic,1,165.0
chabla,1,260.0
✨private,1,172.0
central✨,1,172.0
zohar’s,1,180.0
parknomad,1,219.0
distinctive,1,177.0
lorimer,1,180.0
room2,1,250.0
railway,1,210.0
6111,1,265.0
6116,1,310.0
meyers,1,250.0
10m,1,199.0
discover,1,300.0
740,1,169.0
gear,1,274.0
26flr,1,199.0
citytimes,1,300.0
wonderland,1,180.0
15min•cozy8ppl•10min,1,280.0
30min,1,220.0
characteristic,1,300.0
6117,1,310.0
6104,1,250.0
beachtransportparking,1,299.0
spacechelsea,1,175.0
stonehouse,1,250.0
2month,1,200.0
aptstreet,1,170.0
roomalphabet,1,295.0
essentials,1,299.0
alluring,1,165.0
kitchentime,1,179.0
lines,1,190.0
g’s,1,199.0
promusic,1,225.0
ayos,1,160.0
floors2,1,239.0
hunters,1,300.0
a144,1,315.0
supersized,1,175.0
a142,1,315.0
a140,1,315.0
sohowest,1,250.0
screening,1,295.0
nycitymyhome,1,260.0
